-- MySQL dump 10.13  Distrib 5.6.25, for osx10.8 (x86_64)
--
-- Host: diabetesdb    Database: dig_prod
-- ------------------------------------------------------
-- Server version	5.6.27-log

/*!40101 SET @OLD_CHARACTER_SET_CLIENT=@@CHARACTER_SET_CLIENT */;
/*!40101 SET @OLD_CHARACTER_SET_RESULTS=@@CHARACTER_SET_RESULTS */;
/*!40101 SET @OLD_COLLATION_CONNECTION=@@COLLATION_CONNECTION */;
/*!40101 SET NAMES utf8 */;
/*!40103 SET @OLD_TIME_ZONE=@@TIME_ZONE */;
/*!40103 SET TIME_ZONE='+00:00' */;
/*!40014 SET @OLD_UNIQUE_CHECKS=@@UNIQUE_CHECKS, UNIQUE_CHECKS=0 */;
/*!40014 SET @OLD_FOREIGN_KEY_CHECKS=@@FOREIGN_KEY_CHECKS, FOREIGN_KEY_CHECKS=0 */;
/*!40101 SET @OLD_SQL_MODE=@@SQL_MODE, SQL_MODE='NO_AUTO_VALUE_ON_ZERO' */;
/*!40111 SET @OLD_SQL_NOTES=@@SQL_NOTES, SQL_NOTES=0 */;

--
-- Table structure for table `DATASET`
--

DROP TABLE IF EXISTS `DATASET`;
/*!40101 SET @saved_cs_client     = @@character_set_client */;
/*!40101 SET character_set_client = utf8 */;
CREATE TABLE `DATASET` (
  `ID` text COLLATE utf8mb4_unicode_ci,
  `EXP` text COLLATE utf8mb4_unicode_ci,
  `SG` text COLLATE utf8mb4_unicode_ci,
  `EXPTYPE` text COLLATE utf8mb4_unicode_ci,
  `VER` text COLLATE utf8mb4_unicode_ci,
  `PARENT` text COLLATE utf8mb4_unicode_ci,
  `ANCESTRY` text COLLATE utf8mb4_unicode_ci,
  `TECH` text COLLATE utf8mb4_unicode_ci,
  `TBL` text COLLATE utf8mb4_unicode_ci,
  `SORT` double DEFAULT NULL,
  `CASES` int(11) DEFAULT NULL,
  `CONTROLS` int(11) DEFAULT NULL,
  `SUBJECTS` int(11) DEFAULT NULL,
  KEY `ID` (`ID`(191))
) ENGINE=InnoDB DEFAULT CHARSET=utf8mb4 COLLATE=utf8mb4_unicode_ci;
/*!40101 SET character_set_client = @saved_cs_client */;

--
-- Dumping data for table `DATASET`
--

LOCK TABLES `DATASET` WRITE;
/*!40000 ALTER TABLE `DATASET` DISABLE KEYS */;
INSERT INTO `DATASET` VALUES ('common_dv1','NULL','NULL','NULL','mdv1','Root','NULL','NULL','common_dv1',60,NULL,NULL,NULL),('ExAC_r03_mdv1','ExAC_r03','r03','ExSeq','mdv1','Root','Mixed','ExAC','ExAC_r03_dv1',80,-1,-1,60706),('ExAC_r03_mdv2','ExAC_r03','r03','ExSeq','mdv2','Root','Mixed','ExAC','ExAC_r03_dv1',80,-1,-1,60706),('ExAC_r03_mdv5','ExAC_r03','r03','ExSeq','mdv5','Root','Mixed','ExAC','ExAC_r03_dv1',80,-1,-1,60706),('1kg_phase1_aa_mdv1','1kg_phase1','phase1_aa','WGS','mdv1','phase1','African American','1kg','1kg_phase1_aa_dv1',73,-1,-1,246),('1kg_phase1_aa_mdv2','1kg_phase1','phase1_aa','WGS','mdv2','phase1','African American','1kg','1kg_phase1_aa_dv1',73,-1,-1,246),('1kg_phase1_aa_mdv5','1kg_phase1','phase1_aa','WGS','mdv5','phase1','African American','1kg','1kg_phase1_aa_dv1',73,-1,-1,246),('1kg_phase1_eu_mdv1','1kg_phase1','phase1_eu','WGS','mdv1','phase1','European','1kg','1kg_phase1_eu_dv1',71,-1,-1,379),('1kg_phase1_eu_mdv2','1kg_phase1','phase1_eu','WGS','mdv2','phase1','European','1kg','1kg_phase1_eu_dv1',71,-1,-1,379),('1kg_phase1_eu_mdv5','1kg_phase1','phase1_eu','WGS','mdv5','phase1','European','1kg','1kg_phase1_eu_dv1',71,-1,-1,379),('1kg_phase1_hs_mdv1','1kg_phase1','phase1_hs','WGS','mdv1','phase1','Hispanic','1kg','1kg_phase1_hs_dv1',72,-1,-1,181),('1kg_phase1_hs_mdv2','1kg_phase1','phase1_hs','WGS','mdv2','phase1','Hispanic','1kg','1kg_phase1_hs_dv1',72,-1,-1,181),('1kg_phase1_hs_mdv5','1kg_phase1','phase1_hs','WGS','mdv5','phase1','Hispanic','1kg','1kg_phase1_hs_dv1',72,-1,-1,181),('1kg_phase1_mdv1','1kg_phase1','phase1','WGS','mdv1','Root','Mixed','1kg','1kg_phase1_dv1',70,-1,-1,1092),('1kg_phase1_mdv2','1kg_phase1','phase1','WGS','mdv2','Root','Mixed','1kg','1kg_phase1_dv1',70,-1,-1,1092),('1kg_phase1_mdv5','1kg_phase1','phase1','WGS','mdv5','Root','Mixed','1kg','1kg_phase1_dv1',70,-1,-1,1092),('1kg_phase1_sa_mdv1','1kg_phase1','phase1_sa','WGS','mdv1','phase1','East Asian','1kg','1kg_phase1_sa_dv1',75,-1,-1,286),('1kg_phase1_sa_mdv2','1kg_phase1','phase1_sa','WGS','mdv2','phase1','East Asian','1kg','1kg_phase1_sa_dv1',75,-1,-1,286),('1kg_phase1_sa_mdv5','1kg_phase1','phase1_sa','WGS','mdv5','phase1','East Asian','1kg','1kg_phase1_sa_dv1',75,-1,-1,286),('ExSeq_26k_aa_esp_mdv3','ExSeq_26k','26k_aa_esp','ExSeq','mdv3','26k_aa','African American','ExSeq','ExSeq_26k_aa_esp_dv2',63,476,1247,1723),('ExSeq_26k_aa_genes_aj_mdv3','ExSeq_26k','26k_aa_genes_aj','ExSeq','mdv3','26k_aa_genes','African American','ExSeq','ExSeq_26k_aa_genes_aj_dv2',63,490,520,1010),('ExSeq_26k_aa_genes_aw_mdv3','ExSeq_26k','26k_aa_genes_aw','ExSeq','mdv3','26k_aa_genes','African American','ExSeq','ExSeq_26k_aa_genes_aw_dv2',63,529,534,1063),('ExSeq_26k_aa_genes_mdv3','ExSeq_26k','26k_aa_genes','ExSeq','mdv3','26k_aa','African American','ExSeq','ExSeq_26k_aa_genes_dv2',63,1018,1053,2071),('ExSeq_26k_aa_mdv3','ExSeq_26k','26k_aa','ExSeq','mdv3','26k','African American','ExSeq','ExSeq_26k_aa_dv2',63,1500,2313,3813),('ExSeq_26k_ea_genes_ek_mdv3','ExSeq_26k','26k_ea_genes_ek','ExSeq','mdv3','26k_ea_genes','East Asian','ExSeq','ExSeq_26k_ea_genes_ek_dv2',64,525,560,1085),('ExSeq_26k_ea_genes_es_mdv3','ExSeq_26k','26k_ea_genes_es','ExSeq','mdv3','26k_ea_genes','East Asian','ExSeq','ExSeq_26k_ea_genes_es_dv2',64,483,592,1075),('ExSeq_26k_ea_genes_mdv3','ExSeq_26k','26k_ea_genes','ExSeq','mdv3','26k','East Asian','ExSeq','ExSeq_26k_ea_genes_dv2',64,1008,1152,2160),('ExSeq_26k_eu_esp_mdv3','ExSeq_26k','26k_eu_esp','ExSeq','mdv3','26k_eu','European','ExSeq','ExSeq_26k_eu_esp_dv2',61,374,2501,2875),('ExSeq_26k_eu_genes_mdv3','ExSeq_26k','26k_eu_genes','ExSeq','mdv3','26k_eu','European','ExSeq','ExSeq_26k_eu_genes_dv2',61,971,856,1827),('ExSeq_26k_eu_genes_ua_mdv3','ExSeq_26k','26k_eu_genes_ua','ExSeq','mdv3','26k_eu_genes','European','ExSeq','ExSeq_26k_eu_genes_ua_dv2',61,491,357,848),('ExSeq_26k_eu_genes_um_mdv3','ExSeq_26k','26k_eu_genes_um','ExSeq','mdv3','26k_eu_genes','European','ExSeq','ExSeq_26k_eu_genes_um_dv2',61,480,499,979),('ExSeq_26k_eu_go_mdv3','ExSeq_26k','26k_eu_go','ExSeq','mdv3','26k_eu','European','ExSeq','ExSeq_26k_eu_go_dv2',61,1369,1335,2704),('ExSeq_26k_eu_lucamp_mdv3','ExSeq_26k','26k_eu_lucamp','ExSeq','mdv3','26k_eu','European','ExSeq','ExSeq_26k_eu_lucamp_dv2',61,986,983,1969),('ExSeq_26k_eu_mdv3','ExSeq_26k','26k_eu','ExSeq','mdv3','26k','European','ExSeq','ExSeq_26k_eu_dv2',61,3743,5716,9459),('ExSeq_26k_hs_genes_ha_mdv3','ExSeq_26k','26k_hs_genes_ha','ExSeq','mdv3','26k_hs_genes','Hispanic','ExSeq','ExSeq_26k_hs_genes_ha_dv2',62,271,220,491),('ExSeq_26k_hs_genes_hs_mdv3','ExSeq_26k','26k_hs_genes_hs','ExSeq','mdv3','26k_hs_genes','Hispanic','ExSeq','ExSeq_26k_hs_genes_hs_dv2',62,767,720,1487),('ExSeq_26k_hs_genes_mdv3','ExSeq_26k','26k_hs_genes','ExSeq','mdv3','26k_hs','Hispanic','ExSeq','ExSeq_26k_hs_genes_dv2',62,1031,923,1954),('ExSeq_26k_hs_mdv3','ExSeq_26k','26k_hs','ExSeq','mdv3','26k','Hispanic','ExSeq','ExSeq_26k_hs_dv2',62,2879,2943,5822),('ExSeq_26k_hs_sigma_mdv3','ExSeq_26k','26k_hs_sigma','ExSeq','mdv3','26k_hs','Hispanic','ExSeq','ExSeq_26k_hs_sigma_dv2',62,1835,1990,3825),('ExSeq_26k_hs_sigma_mec_mdv3','ExSeq_26k','26k_hs_sigma_mec','ExSeq','mdv3','26k_hs_sigma','Hispanic','ExSeq','ExSeq_26k_hs_sigma_mec_dv2',62,494,444,938),('ExSeq_26k_hs_sigma_mexb1_mdv3','ExSeq_26k','26k_hs_sigma_mexb1','ExSeq','mdv3','26k_hs_sigma','Hispanic','ExSeq','ExSeq_26k_hs_sigma_mexb1_dv2',62,555,549,1104),('ExSeq_26k_hs_sigma_mexb2_mdv3','ExSeq_26k','26k_hs_sigma_mexb2','ExSeq','mdv3','26k_hs_sigma','Hispanic','ExSeq','ExSeq_26k_hs_sigma_mexb2_dv2',62,509,460,969),('ExSeq_26k_hs_sigma_mexb3_mdv3','ExSeq_26k','26k_hs_sigma_mexb3','ExSeq','mdv3','26k_hs_sigma','Hispanic','ExSeq','ExSeq_26k_hs_sigma_mexb3_dv2',62,280,549,829),('ExSeq_26k_mdv3','ExSeq_26k','26k','ExSeq','mdv3','Root','Mixed','ExSeq','ExSeq_26k_dv2',60,10234,13267,23501),('ExSeq_26k_sa_genes_mdv3','ExSeq_26k','26k_sa_genes','ExSeq','mdv3','26k','South Asian','ExSeq','ExSeq_26k_sa_genes_dv2',65,1096,1126,2222),('ExSeq_26k_sa_genes_sl_mdv3','ExSeq_26k','26k_sa_genes_sl','ExSeq','mdv3','26k_sa_genes','South Asian','ExSeq','ExSeq_26k_sa_genes_sl_dv2',65,534,542,1076),('ExSeq_26k_sa_genes_ss_mdv3','ExSeq_26k','26k_sa_genes_ss','ExSeq','mdv3','26k_sa_genes','South Asian','ExSeq','ExSeq_26k_sa_genes_ss_dv2',65,562,584,1146),('ExSeq_17k_aa_genes_aj_mdv2','ExSeq_17k','17k_aa_genes_aj','ExSeq','mdv2','17k_aa_genes','African American','ExSeq','ExSeq_26k_aa_genes_aj_dv2',53,490,520,1010),('ExSeq_17k_aa_genes_aw_mdv2','ExSeq_17k','17k_aa_genes_aw','ExSeq','mdv2','17k_aa_genes','African American','ExSeq','ExSeq_26k_aa_genes_aw_dv2',53,529,534,1063),('ExSeq_17k_aa_genes_mdv2','ExSeq_17k','17k_aa_genes','ExSeq','mdv2','17k','African American','ExSeq','ExSeq_26k_aa_genes_dv2',53,1018,1053,2071),('ExSeq_17k_ea_genes_ek_mdv2','ExSeq_17k','17k_ea_genes_ek','ExSeq','mdv2','17k_ea_genes','East Asian','ExSeq','ExSeq_26k_ea_genes_ek_dv2',54,525,560,1085),('ExSeq_17k_ea_genes_es_mdv2','ExSeq_17k','17k_ea_genes_es','ExSeq','mdv2','17k_ea_genes','East Asian','ExSeq','ExSeq_26k_ea_genes_es_dv2',54,483,592,1075),('ExSeq_17k_ea_genes_mdv2','ExSeq_17k','17k_ea_genes','ExSeq','mdv2','17k','East Asian','ExSeq','ExSeq_26k_ea_genes_dv2',54,1008,1152,2160),('ExSeq_17k_eu_genes_mdv2','ExSeq_17k','17k_eu_genes','ExSeq','mdv2','17k_eu','European','ExSeq','ExSeq_26k_eu_genes_dv2',51,971,856,1827),('ExSeq_17k_eu_genes_ua_mdv2','ExSeq_17k','17k_eu_genes_ua','ExSeq','mdv2','17k_eu_genes','European','ExSeq','ExSeq_26k_eu_genes_ua_dv2',51,491,357,848),('ExSeq_17k_eu_genes_um_mdv2','ExSeq_17k','17k_eu_genes_um','ExSeq','mdv2','17k_eu_genes','European','ExSeq','ExSeq_26k_eu_genes_um_dv2',51,480,499,979),('ExSeq_17k_eu_go_mdv2','ExSeq_17k','17k_eu_go','ExSeq','mdv2','17k_eu','European','ExSeq','ExSeq_26k_eu_go_dv2',51,1369,1335,2704),('ExSeq_17k_eu_mdv2','ExSeq_17k','17k_eu','ExSeq','mdv2','17k','European','ExSeq','ExSeq_17k_eu_dv2',51,2369,2196,4565),('ExSeq_17k_hs_genes_ha_mdv2','ExSeq_17k','17k_hs_genes_ha','ExSeq','mdv2','17k_hs_genes','Hispanic','ExSeq','ExSeq_26k_hs_genes_ha_dv2',52,271,220,491),('ExSeq_17k_hs_genes_hs_mdv2','ExSeq_17k','17k_hs_genes_hs','ExSeq','mdv2','17k_hs_genes','Hispanic','ExSeq','ExSeq_26k_hs_genes_hs_dv2',52,767,720,1487),('ExSeq_17k_hs_genes_mdv2','ExSeq_17k','17k_hs_genes','ExSeq','mdv2','17k_hs','Hispanic','ExSeq','ExSeq_26k_hs_genes_dv2',52,1031,923,1954),('ExSeq_17k_hs_mdv2','ExSeq_17k','17k_hs','ExSeq','mdv2','17k','Hispanic','ExSeq','ExSeq_26k_hs_dv2',52,2879,2943,5822),('ExSeq_17k_hs_sigma_mdv2','ExSeq_17k','17k_hs_sigma','ExSeq','mdv2','17k_hs','Hispanic','ExSeq','ExSeq_26k_hs_sigma_dv2',52,1835,1990,3825),('ExSeq_17k_hs_sigma_mec_mdv2','ExSeq_17k','17k_hs_sigma_mec','ExSeq','mdv2','17k_hs_sigma','Hispanic','ExSeq','ExSeq_26k_hs_sigma_mec_dv2',52,494,444,938),('ExSeq_17k_hs_sigma_mexb1_mdv2','ExSeq_17k','17k_hs_sigma_mexb1','ExSeq','mdv2','17k_hs_sigma','Hispanic','ExSeq','ExSeq_26k_hs_sigma_mexb1_dv2',52,555,549,1104),('ExSeq_17k_hs_sigma_mexb2_mdv2','ExSeq_17k','17k_hs_sigma_mexb2','ExSeq','mdv2','17k_hs_sigma','Hispanic','ExSeq','ExSeq_26k_hs_sigma_mexb2_dv2',52,509,460,969),('ExSeq_17k_hs_sigma_mexb3_mdv2','ExSeq_17k','17k_hs_sigma_mexb3','ExSeq','mdv2','17k_hs_sigma','Hispanic','ExSeq','ExSeq_26k_hs_sigma_mexb3_dv2',52,280,549,829),('ExSeq_17k_mdv2','ExSeq_17k','17k','ExSeq','mdv2','Root','Mixed','ExSeq','ExSeq_17k_dv2',50,8379,8478,16857),('ExSeq_17k_sa_genes_mdv2','ExSeq_17k','17k_sa_genes','ExSeq','mdv2','17k','South Asian','ExSeq','ExSeq_26k_sa_genes_dv2',55,1096,1126,2222),('ExSeq_17k_sa_genes_sl_mdv2','ExSeq_17k','17k_sa_genes_sl','ExSeq','mdv2','17k_sa_genes','South Asian','ExSeq','ExSeq_26k_sa_genes_sl_dv2',55,534,542,1076),('ExSeq_17k_sa_genes_ss_mdv2','ExSeq_17k','17k_sa_genes_ss','ExSeq','mdv2','17k_sa_genes','South Asian','ExSeq','ExSeq_26k_sa_genes_ss_dv2',55,562,584,1146),('ExSeq_13k_aa_genes_mdv1','ExSeq_13k','13k_aa_genes','ExSeq','mdv1','13k','African American','ExSeq','ExSeq_13k_aa_genes_dv1',43,1019,1058,2077),('ExSeq_13k_aa_genes_mdv2','ExSeq_13k','13k_aa_genes','ExSeq','mdv2','13k','African American','ExSeq','ExSeq_13k_aa_genes_dv1',43,1019,1058,2077),('ExSeq_13k_aa_genes_mdv3','ExSeq_13k','13k_aa_genes','ExSeq','mdv3','13k','African American','ExSeq','ExSeq_13k_aa_genes_dv1',43,1019,1058,2077),('ExSeq_13k_ea_genes_mdv1','ExSeq_13k','13k_ea_genes','ExSeq','mdv1','13k','East Asian','ExSeq','ExSeq_13k_ea_genes_dv1',44,1012,1153,2165),('ExSeq_13k_ea_genes_mdv2','ExSeq_13k','13k_ea_genes','ExSeq','mdv2','13k','East Asian','ExSeq','ExSeq_13k_ea_genes_dv1',44,1012,1153,2165),('ExSeq_13k_ea_genes_mdv3','ExSeq_13k','13k_ea_genes','ExSeq','mdv3','13k','East Asian','ExSeq','ExSeq_13k_ea_genes_dv1',44,1012,1153,2165),('ExSeq_13k_eu_genes_mdv1','ExSeq_13k','13k_eu_genes','ExSeq','mdv1','13k_eu','European','ExSeq','ExSeq_13k_eu_genes_dv1',41,990,853,1843),('ExSeq_13k_eu_go_mdv1','ExSeq_13k','13k_eu_go','ExSeq','mdv1','13k_eu','European','ExSeq','ExSeq_13k_eu_go_dv1',41,1372,1330,2702),('ExSeq_13k_eu_mdv1','ExSeq_13k','13k_eu','ExSeq','mdv1','13k','European','ExSeq','ExSeq_13k_eu_dv1',41,2362,2183,4545),('ExSeq_13k_eu_mdv2','ExSeq_13k','13k_eu','ExSeq','mdv2','13k','European','ExSeq','ExSeq_13k_eu_dv1',41,2362,2183,4545),('ExSeq_13k_eu_mdv3','ExSeq_13k','13k_eu','ExSeq','mdv3','13k','European','ExSeq','ExSeq_13k_eu_dv1',41,2362,2183,4545),('ExSeq_13k_hs_genes_mdv1','ExSeq_13k','13k_hs_genes','ExSeq','mdv1','13k','Hispanic','ExSeq','ExSeq_13k_hs_genes_dv1',42,1027,923,1950),('ExSeq_13k_hs_genes_mdv2','ExSeq_13k','13k_hs_genes','ExSeq','mdv2','13k','Hispanic','ExSeq','ExSeq_13k_hs_genes_dv1',42,1027,923,1950),('ExSeq_13k_hs_genes_mdv3','ExSeq_13k','13k_hs_genes','ExSeq','mdv3','13k','Hispanic','ExSeq','ExSeq_13k_hs_genes_dv1',42,1027,923,1950),('ExSeq_13k_mdv1','ExSeq_13k','13k','ExSeq','mdv1','Root','Mixed','ExSeq','ExSeq_13k_dv1',40,6514,6440,12954),('ExSeq_13k_mdv2','ExSeq_13k','13k','ExSeq','mdv2','Root','Mixed','ExSeq','ExSeq_13k_dv1',40,6514,6440,12954),('ExSeq_13k_mdv3','ExSeq_13k','13k','ExSeq','mdv3','Root','Mixed','ExSeq','ExSeq_13k_dv1',40,6514,6440,12954),('ExSeq_13k_sa_genes_mdv1','ExSeq_13k','13k_sa_genes','ExSeq','mdv1','13k','South Asian','ExSeq','ExSeq_13k_sa_genes_dv1',45,1094,1123,2217),('ExSeq_13k_sa_genes_mdv2','ExSeq_13k','13k_sa_genes','ExSeq','mdv2','13k','South Asian','ExSeq','ExSeq_13k_sa_genes_dv1',45,1094,1123,2217),('ExSeq_13k_sa_genes_mdv3','ExSeq_13k','13k_sa_genes','ExSeq','mdv3','13k','South Asian','ExSeq','ExSeq_13k_sa_genes_dv1',45,1094,1123,2217),('WGS_GoT2D_mdv1','WGS_GoT2D','GoT2D','WGS','mdv1','Root','European','WGS','WGS_GoT2D_dv1',30,-1,-1,2657),('WGS_GoT2D_mdv2','WGS_GoT2D','GoT2D','WGS','mdv2','Root','European','WGS','WGS_GoT2D_dv1',30,-1,-1,2657),('WGS_GoT2D_mdv3','WGS_GoT2D','GoT2D','WGS','mdv3','Root','European','WGS','WGS_GoT2D_dv1',30,-1,-1,2657),('WGS_GoT2Dimputed_mdv1','WGS_GoT2Dimputed','GoT2Dimputed','GWAS','mdv1','Root','European','WGS','WGS_GoT2Dimputed_dv1',30,-1,-1,47071),('WGS_GoT2Dimputed_mdv2','WGS_GoT2Dimputed','GoT2Dimputed','GWAS','mdv2','Root','European','GWAS','WGS_GoT2Dimputed_dv1',30,-1,-1,47071),('WGS_GoT2Dimputed_mdv3','WGS_GoT2Dimputed','GoT2Dimputed','GWAS','mdv3','Root','European','GWAS','WGS_GoT2Dimputed_dv1',30,-1,-1,47071),('ExChip_82k_mdv1','ExChip_82k','82k','ExChip','mdv1','Root','European','GWAS','ExChip_82k_dv1',20,27410,48260,75670),('ExChip_82k_mdv2','ExChip_82k','82k','ExChip','mdv2','Root','European','ExChip','ExChip_82k_dv1',20,27410,48260,75670),('ExChip_SIGMA1_mdv1','ExChip_SIGMA1','SIGMA1','ExChip','mdv1','Root','Hispanic','ExChip','ExChip_SIGMA1_dv1',20,4159,4732,8891),('ExChip_SIGMA1_mdv2','ExChip_SIGMA1','SIGMA1','ExChip','mdv2','Root','Hispanic','ExChip','ExChip_SIGMA1_dv1',20,4159,4732,8891),('GWAS_70kForT2D_chrXfemales_mdv4','GWAS_70kForT2D','70kForT2D_chrXfemales','GWAS','mdv4','70kForT2D','Mixed','GWAS','GWAS_70kForT2D_chrXfemales_dv1',10,-1,-1,27598),('GWAS_70kForT2D_chrXmales_mdv4','GWAS_70kForT2D','70kForT2D_chrXmales','GWAS','mdv4','70kForT2D','Mixed','GWAS','GWAS_70kForT2D_chrXmales_dv1',10,-1,-1,39344),('GWAS_70kForT2D_mdv4','GWAS_70kForT2D','70kForT2D','GWAS','mdv4','Root','Mixed','GWAS','GWAS_70kForT2D_dv1',10,-1,-1,66949),('GWAS_70kForT2D_noDIAGRAM_mdv4','GWAS_70kForT2D','70kForT2D_noDIAGRAM','GWAS','mdv4','70kForT2D','Mixed','GWAS','GWAS_70kForT2D_noDIAGRAM_dv1',10,-1,-1,54853),('GWAS_CARDIoGRAM_mdv1','GWAS_CARDIoGRAM','CARDIoGRAM','GWAS','mdv1','Root','Mixed','GWAS','GWAS_CARDIoGRAM_dv1',0,22233,64762,86995),('GWAS_CARDIoGRAM_mdv2','GWAS_CARDIoGRAM','CARDIoGRAM','GWAS','mdv2','Root','Mixed','GWAS','GWAS_CARDIoGRAM_dv2',0,60801,123504,184305),('GWAS_CARDIoGRAM_mdv5','GWAS_CARDIoGRAM','CARDIoGRAM','GWAS','mdv5','Root','Mixed','GWAS','GWAS_CARDIoGRAM_dv2',0,60801,123504,184305),('GWAS_CKDGenConsortium_mdv1','GWAS_CKDGenConsortium','CKDGenConsortium','GWAS','mdv1','Root','Mixed','GWAS','GWAS_CKDGenConsortium_dv1',0,-1,-1,67093),('GWAS_CKDGenConsortium_mdv2','GWAS_CKDGenConsortium','CKDGenConsortium','GWAS','mdv2','Root','Mixed','GWAS','GWAS_CKDGenConsortium_dv1',0,-1,-1,67093),('GWAS_CKDGenConsortium_mdv5','GWAS_CKDGenConsortium','CKDGenConsortium','GWAS','mdv5','Root','Mixed','GWAS','GWAS_CKDGenConsortium_dv1',0,-1,-1,67093),('GWAS_DIAGRAM_mdv1','GWAS_DIAGRAM','DIAGRAM','GWAS','mdv1','Root','Mixed','GWAS','GWAS_DIAGRAM_dv1',0,12171,56862,69033),('GWAS_DIAGRAM_mdv2','GWAS_DIAGRAM','DIAGRAM','GWAS','mdv2','Root','Mixed','GWAS','GWAS_DIAGRAM_dv2',0,26488,83964,110452),('GWAS_DIAGRAM_mdv5','GWAS_DIAGRAM','DIAGRAM','GWAS','mdv5','Root','Mixed','GWAS','GWAS_DIAGRAM_dv2',0,26488,83964,110452),('GWAS_GIANT_mdv1','GWAS_GIANT','GIANT','GWAS','mdv1','Root','Mixed','GWAS','GWAS_GIANT_dv1',0,-1,-1,253288),('GWAS_GIANT_mdv2','GWAS_GIANT','GIANT','GWAS','mdv2','Root','Mixed','GWAS','GWAS_GIANT_dv1',0,-1,-1,253288),('GWAS_GIANT_mdv5','GWAS_GIANT','GIANT','GWAS','mdv5','Root','Mixed','GWAS','GWAS_GIANT_dv1',0,-1,-1,253288),('GWAS_GLGC_mdv1','GWAS_GLGC','GLGC','GWAS','mdv1','Root','Mixed','GWAS','GWAS_GLGC_dv1',0,-1,-1,188577),('GWAS_GLGC_mdv2','GWAS_GLGC','GLGC','GWAS','mdv2','Root','Mixed','GWAS','GWAS_GLGC_dv1',0,-1,-1,188577),('GWAS_GLGC_mdv5','GWAS_GLGC','GLGC','GWAS','mdv5','Root','Mixed','GWAS','GWAS_GLGC_dv1',0,-1,-1,188577),('GWAS_MAGIC_mdv1','GWAS_MAGIC','MAGIC','GWAS','mdv1','Root','Mixed','GWAS','GWAS_MAGIC_dv1',0,-1,-1,58074),('GWAS_MAGIC_mdv2','GWAS_MAGIC','MAGIC','GWAS','mdv2','Root','Mixed','GWAS','GWAS_MAGIC_dv1',0,-1,-1,58074),('GWAS_MAGIC_mdv5','GWAS_MAGIC','MAGIC','GWAS','mdv5','Root','Mixed','GWAS','GWAS_MAGIC_dv1',0,-1,-1,58074),('GWAS_MetaStroke_mdv5','GWAS_MetaStroke','MetaStroke','GWAS','mdv5','Root','Mixed','GWAS','GWAS_MetaStroke_dv1',0,10307,19326,29633),('GWAS_PGC_mdv1','GWAS_PGC','PGC','GWAS','mdv1','Root','Mixed','GWAS','GWAS_PGC_dv1',0,7481,9250,16731),('GWAS_PGC_mdv2','GWAS_PGC','PGC','GWAS','mdv2','Root','Mixed','GWAS','GWAS_PGC_dv1',0,7481,9250,16731),('GWAS_PGC_mdv5','GWAS_PGC','PGC','GWAS','mdv5','Root','Mixed','GWAS','GWAS_PGC_dv1',0,7481,9250,16731),('GWAS_SIGMA1_mdv1','GWAS_SIGMA1','SIGMA1','GWAS','mdv1','Root','Hispanic','GWAS','GWAS_SIGMA1_dv1',0,-1,-1,8214),('GWAS_SIGMA1_mdv2','GWAS_SIGMA1','SIGMA1','GWAS','mdv2','Root','Hispanic','GWAS','GWAS_SIGMA1_dv1',0,-1,-1,8214),('GWAS_Stroke_europe_mdv5','GWAS_Stroke','Stroke_europe','GWAS','mdv5','Stroke','Mixed','GWAS','GWAS_Stroke_europe_dv1',0,467,485,967),('GWAS_Stroke_gerfhs_mdv5','GWAS_Stroke','Stroke_gerfhs','GWAS','mdv5','Stroke','Mixed','GWAS','GWAS_Stroke_gerfhs_dv1',0,797,539,1336),('GWAS_Stroke_gocha_mdv5','GWAS_Stroke','Stroke_gocha','GWAS','mdv5','Stroke','Mixed','GWAS','GWAS_Stroke_gocha_dv1',0,298,457,773),('GWAS_Stroke_mdv5','GWAS_Stroke','Stroke','GWAS','mdv5','Root','Mixed','GWAS','GWAS_Stroke_dv1',0,3197,5880,3076);
/*!40000 ALTER TABLE `DATASET` ENABLE KEYS */;
UNLOCK TABLES;

--
-- Table structure for table `ID_PH`
--

DROP TABLE IF EXISTS `ID_PH`;
/*!40101 SET @saved_cs_client     = @@character_set_client */;
/*!40101 SET character_set_client = utf8 */;
CREATE TABLE `ID_PH` (
  `ID` text COLLATE utf8mb4_unicode_ci,
  `PH` text COLLATE utf8mb4_unicode_ci,
  `TBL` text COLLATE utf8mb4_unicode_ci,
  KEY `ID` (`ID`(191))
) ENGINE=InnoDB DEFAULT CHARSET=utf8mb4 COLLATE=utf8mb4_unicode_ci;
/*!40101 SET character_set_client = @saved_cs_client */;

--
-- Dumping data for table `ID_PH`
--

LOCK TABLES `ID_PH` WRITE;
/*!40000 ALTER TABLE `ID_PH` DISABLE KEYS */;
INSERT INTO `ID_PH` VALUES ('ExSeq_26k_aa_esp_mdv3','T2D','ExSeq_26k_aa_esp_dv2__T2D'),('ExSeq_26k_aa_genes_aj_mdv3','T2D','ExSeq_26k_aa_genes_aj_dv2__T2D'),('ExSeq_26k_aa_genes_aw_mdv3','T2D','ExSeq_26k_aa_genes_aw_dv2__T2D'),('ExSeq_26k_aa_genes_mdv3','T2D','ExSeq_26k_aa_genes_dv2__T2D'),('ExSeq_26k_aa_mdv3','T2D','ExSeq_26k_aa_dv2__T2D'),('ExSeq_26k_ea_genes_ek_mdv3','T2D','ExSeq_26k_ea_genes_ek_dv2__T2D'),('ExSeq_26k_ea_genes_es_mdv3','T2D','ExSeq_26k_ea_genes_es_dv2__T2D'),('ExSeq_26k_ea_genes_mdv3','T2D','ExSeq_26k_ea_genes_dv2__T2D'),('ExSeq_26k_eu_esp_mdv3','T2D','ExSeq_26k_eu_esp_dv2__T2D'),('ExSeq_26k_eu_genes_mdv3','T2D','ExSeq_26k_eu_genes_dv2__T2D'),('ExSeq_26k_eu_genes_ua_mdv3','T2D','ExSeq_26k_eu_genes_ua_dv2__T2D'),('ExSeq_26k_eu_genes_um_mdv3','T2D','ExSeq_26k_eu_genes_um_dv2__T2D'),('ExSeq_26k_eu_go_mdv3','T2D','ExSeq_26k_eu_go_dv2__T2D'),('ExSeq_26k_eu_lucamp_mdv3','T2D','ExSeq_26k_eu_lucamp_dv2__T2D'),('ExSeq_26k_eu_mdv3','T2D','ExSeq_26k_eu_dv2__T2D'),('ExSeq_26k_hs_genes_ha_mdv3','T2D','ExSeq_26k_hs_genes_ha_dv2__T2D'),('ExSeq_26k_hs_genes_hs_mdv3','T2D','ExSeq_26k_hs_genes_hs_dv2__T2D'),('ExSeq_26k_hs_genes_mdv3','T2D','ExSeq_26k_hs_genes_dv2__T2D'),('ExSeq_26k_hs_mdv3','T2D','ExSeq_26k_hs_dv2__T2D'),('ExSeq_26k_hs_sigma_mdv3','T2D','ExSeq_26k_hs_sigma_dv2__T2D'),('ExSeq_26k_hs_sigma_mec_mdv3','T2D','ExSeq_26k_hs_sigma_mec_dv2__T2D'),('ExSeq_26k_hs_sigma_mexb1_mdv3','T2D','ExSeq_26k_hs_sigma_mexb1_dv2__T2D'),('ExSeq_26k_hs_sigma_mexb2_mdv3','T2D','ExSeq_26k_hs_sigma_mexb2_dv2__T2D'),('ExSeq_26k_hs_sigma_mexb3_mdv3','T2D','ExSeq_26k_hs_sigma_mexb3_dv2__T2D'),('ExSeq_26k_mdv3','T2D','ExSeq_26k_dv2__T2D'),('ExSeq_26k_sa_genes_mdv3','T2D','ExSeq_26k_sa_genes_dv2__T2D'),('ExSeq_26k_sa_genes_sl_mdv3','T2D','ExSeq_26k_sa_genes_sl_dv2__T2D'),('ExSeq_26k_sa_genes_ss_mdv3','T2D','ExSeq_26k_sa_genes_ss_dv2__T2D'),('ExSeq_17k_aa_genes_aj_mdv2','T2D','ExSeq_26k_aa_genes_aj_dv2__T2D'),('ExSeq_17k_aa_genes_aw_mdv2','T2D','ExSeq_26k_aa_genes_aw_dv2__T2D'),('ExSeq_17k_aa_genes_mdv2','T2D','ExSeq_26k_aa_genes_dv2__T2D'),('ExSeq_17k_ea_genes_ek_mdv2','T2D','ExSeq_26k_ea_genes_ek_dv2__T2D'),('ExSeq_17k_ea_genes_es_mdv2','T2D','ExSeq_26k_ea_genes_es_dv2__T2D'),('ExSeq_17k_ea_genes_mdv2','T2D','ExSeq_26k_ea_genes_dv2__T2D'),('ExSeq_17k_eu_genes_mdv2','T2D','ExSeq_26k_eu_genes_dv2__T2D'),('ExSeq_17k_eu_genes_ua_mdv2','T2D','ExSeq_26k_eu_genes_ua_dv2__T2D'),('ExSeq_17k_eu_genes_um_mdv2','T2D','ExSeq_26k_eu_genes_um_dv2__T2D'),('ExSeq_17k_eu_go_mdv2','T2D','ExSeq_26k_eu_go_dv2__T2D'),('ExSeq_17k_eu_mdv2','T2D','ExSeq_17k_eu_dv2__T2D'),('ExSeq_17k_hs_genes_ha_mdv2','T2D','ExSeq_26k_hs_genes_ha_dv2__T2D'),('ExSeq_17k_hs_genes_hs_mdv2','T2D','ExSeq_26k_hs_genes_hs_dv2__T2D'),('ExSeq_17k_hs_genes_mdv2','T2D','ExSeq_26k_hs_genes_dv2__T2D'),('ExSeq_17k_hs_mdv2','T2D','ExSeq_26k_hs_dv2__T2D'),('ExSeq_17k_hs_sigma_mdv2','T2D','ExSeq_26k_hs_sigma_dv2__T2D'),('ExSeq_17k_hs_sigma_mec_mdv2','T2D','ExSeq_26k_hs_sigma_mec_dv2__T2D'),('ExSeq_17k_hs_sigma_mexb1_mdv2','T2D','ExSeq_26k_hs_sigma_mexb1_dv2__T2D'),('ExSeq_17k_hs_sigma_mexb2_mdv2','T2D','ExSeq_26k_hs_sigma_mexb2_dv2__T2D'),('ExSeq_17k_hs_sigma_mexb3_mdv2','T2D','ExSeq_26k_hs_sigma_mexb3_dv2__T2D'),('ExSeq_17k_mdv2','T2D','ExSeq_17k_dv2__T2D'),('ExSeq_17k_sa_genes_mdv2','T2D','ExSeq_26k_sa_genes_dv2__T2D'),('ExSeq_17k_sa_genes_sl_mdv2','T2D','ExSeq_26k_sa_genes_sl_dv2__T2D'),('ExSeq_17k_sa_genes_ss_mdv2','T2D','ExSeq_26k_sa_genes_ss_dv2__T2D'),('ExSeq_13k_aa_genes_mdv1','BMI','ExSeq_13k_aa_genes_dv1__BMI'),('ExSeq_13k_aa_genes_mdv1','CHOL','ExSeq_13k_aa_genes_dv1__CHOL'),('ExSeq_13k_aa_genes_mdv1','DBP','ExSeq_13k_aa_genes_dv1__DBP'),('ExSeq_13k_aa_genes_mdv1','FG','ExSeq_13k_aa_genes_dv1__FG'),('ExSeq_13k_aa_genes_mdv1','FI','ExSeq_13k_aa_genes_dv1__FI'),('ExSeq_13k_aa_genes_mdv1','HBA1C','ExSeq_13k_aa_genes_dv1__HBA1C'),('ExSeq_13k_aa_genes_mdv1','HDL','ExSeq_13k_aa_genes_dv1__HDL'),('ExSeq_13k_aa_genes_mdv1','HEIGHT','ExSeq_13k_aa_genes_dv1__HEIGHT'),('ExSeq_13k_aa_genes_mdv1','HIPC','ExSeq_13k_aa_genes_dv1__HIPC'),('ExSeq_13k_aa_genes_mdv1','LDL','ExSeq_13k_aa_genes_dv1__LDL'),('ExSeq_13k_aa_genes_mdv1','SBP','ExSeq_13k_aa_genes_dv1__SBP'),('ExSeq_13k_aa_genes_mdv1','T2D','ExSeq_13k_aa_genes_dv1__T2D'),('ExSeq_13k_aa_genes_mdv1','TG','ExSeq_13k_aa_genes_dv1__TG'),('ExSeq_13k_aa_genes_mdv1','WAIST','ExSeq_13k_aa_genes_dv1__WAIST'),('ExSeq_13k_aa_genes_mdv1','WHR','ExSeq_13k_aa_genes_dv1__WHR'),('ExSeq_13k_aa_genes_mdv2','BMI','ExSeq_13k_aa_genes_dv1__BMI'),('ExSeq_13k_aa_genes_mdv2','CHOL','ExSeq_13k_aa_genes_dv1__CHOL'),('ExSeq_13k_aa_genes_mdv2','DBP','ExSeq_13k_aa_genes_dv1__DBP'),('ExSeq_13k_aa_genes_mdv2','FG','ExSeq_13k_aa_genes_dv1__FG'),('ExSeq_13k_aa_genes_mdv2','FI','ExSeq_13k_aa_genes_dv1__FI'),('ExSeq_13k_aa_genes_mdv2','HBA1C','ExSeq_13k_aa_genes_dv1__HBA1C'),('ExSeq_13k_aa_genes_mdv2','HDL','ExSeq_13k_aa_genes_dv1__HDL'),('ExSeq_13k_aa_genes_mdv2','HEIGHT','ExSeq_13k_aa_genes_dv1__HEIGHT'),('ExSeq_13k_aa_genes_mdv2','HIPC','ExSeq_13k_aa_genes_dv1__HIPC'),('ExSeq_13k_aa_genes_mdv2','LDL','ExSeq_13k_aa_genes_dv1__LDL'),('ExSeq_13k_aa_genes_mdv2','SBP','ExSeq_13k_aa_genes_dv1__SBP'),('ExSeq_13k_aa_genes_mdv2','TG','ExSeq_13k_aa_genes_dv1__TG'),('ExSeq_13k_aa_genes_mdv2','WAIST','ExSeq_13k_aa_genes_dv1__WAIST'),('ExSeq_13k_aa_genes_mdv2','WHR','ExSeq_13k_aa_genes_dv1__WHR'),('ExSeq_13k_aa_genes_mdv3','BMI','ExSeq_13k_aa_genes_dv1__BMI'),('ExSeq_13k_aa_genes_mdv3','CHOL','ExSeq_13k_aa_genes_dv1__CHOL'),('ExSeq_13k_aa_genes_mdv3','DBP','ExSeq_13k_aa_genes_dv1__DBP'),('ExSeq_13k_aa_genes_mdv3','FG','ExSeq_13k_aa_genes_dv1__FG'),('ExSeq_13k_aa_genes_mdv3','FI','ExSeq_13k_aa_genes_dv1__FI'),('ExSeq_13k_aa_genes_mdv3','HBA1C','ExSeq_13k_aa_genes_dv1__HBA1C'),('ExSeq_13k_aa_genes_mdv3','HDL','ExSeq_13k_aa_genes_dv1__HDL'),('ExSeq_13k_aa_genes_mdv3','HEIGHT','ExSeq_13k_aa_genes_dv1__HEIGHT'),('ExSeq_13k_aa_genes_mdv3','HIPC','ExSeq_13k_aa_genes_dv1__HIPC'),('ExSeq_13k_aa_genes_mdv3','LDL','ExSeq_13k_aa_genes_dv1__LDL'),('ExSeq_13k_aa_genes_mdv3','SBP','ExSeq_13k_aa_genes_dv1__SBP'),('ExSeq_13k_aa_genes_mdv3','TG','ExSeq_13k_aa_genes_dv1__TG'),('ExSeq_13k_aa_genes_mdv3','WAIST','ExSeq_13k_aa_genes_dv1__WAIST'),('ExSeq_13k_aa_genes_mdv3','WHR','ExSeq_13k_aa_genes_dv1__WHR'),('ExSeq_13k_ea_genes_mdv1','BMI','ExSeq_13k_ea_genes_dv1__BMI'),('ExSeq_13k_ea_genes_mdv1','CHOL','ExSeq_13k_ea_genes_dv1__CHOL'),('ExSeq_13k_ea_genes_mdv1','DBP','ExSeq_13k_ea_genes_dv1__DBP'),('ExSeq_13k_ea_genes_mdv1','FG','ExSeq_13k_ea_genes_dv1__FG'),('ExSeq_13k_ea_genes_mdv1','FI','ExSeq_13k_ea_genes_dv1__FI'),('ExSeq_13k_ea_genes_mdv1','HBA1C','ExSeq_13k_ea_genes_dv1__HBA1C'),('ExSeq_13k_ea_genes_mdv1','HDL','ExSeq_13k_ea_genes_dv1__HDL'),('ExSeq_13k_ea_genes_mdv1','HEIGHT','ExSeq_13k_ea_genes_dv1__HEIGHT'),('ExSeq_13k_ea_genes_mdv1','HIPC','ExSeq_13k_ea_genes_dv1__HIPC'),('ExSeq_13k_ea_genes_mdv1','LDL','ExSeq_13k_ea_genes_dv1__LDL'),('ExSeq_13k_ea_genes_mdv1','SBP','ExSeq_13k_ea_genes_dv1__SBP'),('ExSeq_13k_ea_genes_mdv1','T2D','ExSeq_13k_ea_genes_dv1__T2D'),('ExSeq_13k_ea_genes_mdv1','TG','ExSeq_13k_ea_genes_dv1__TG'),('ExSeq_13k_ea_genes_mdv1','WAIST','ExSeq_13k_ea_genes_dv1__WAIST'),('ExSeq_13k_ea_genes_mdv1','WHR','ExSeq_13k_ea_genes_dv1__WHR'),('ExSeq_13k_ea_genes_mdv2','BMI','ExSeq_13k_ea_genes_dv1__BMI'),('ExSeq_13k_ea_genes_mdv2','CHOL','ExSeq_13k_ea_genes_dv1__CHOL'),('ExSeq_13k_ea_genes_mdv2','DBP','ExSeq_13k_ea_genes_dv1__DBP'),('ExSeq_13k_ea_genes_mdv2','FG','ExSeq_13k_ea_genes_dv1__FG'),('ExSeq_13k_ea_genes_mdv2','FI','ExSeq_13k_ea_genes_dv1__FI'),('ExSeq_13k_ea_genes_mdv2','HBA1C','ExSeq_13k_ea_genes_dv1__HBA1C'),('ExSeq_13k_ea_genes_mdv2','HDL','ExSeq_13k_ea_genes_dv1__HDL'),('ExSeq_13k_ea_genes_mdv2','HEIGHT','ExSeq_13k_ea_genes_dv1__HEIGHT'),('ExSeq_13k_ea_genes_mdv2','HIPC','ExSeq_13k_ea_genes_dv1__HIPC'),('ExSeq_13k_ea_genes_mdv2','LDL','ExSeq_13k_ea_genes_dv1__LDL'),('ExSeq_13k_ea_genes_mdv2','SBP','ExSeq_13k_ea_genes_dv1__SBP'),('ExSeq_13k_ea_genes_mdv2','TG','ExSeq_13k_ea_genes_dv1__TG'),('ExSeq_13k_ea_genes_mdv2','WAIST','ExSeq_13k_ea_genes_dv1__WAIST'),('ExSeq_13k_ea_genes_mdv2','WHR','ExSeq_13k_ea_genes_dv1__WHR'),('ExSeq_13k_ea_genes_mdv3','BMI','ExSeq_13k_ea_genes_dv1__BMI'),('ExSeq_13k_ea_genes_mdv3','CHOL','ExSeq_13k_ea_genes_dv1__CHOL'),('ExSeq_13k_ea_genes_mdv3','DBP','ExSeq_13k_ea_genes_dv1__DBP'),('ExSeq_13k_ea_genes_mdv3','FG','ExSeq_13k_ea_genes_dv1__FG'),('ExSeq_13k_ea_genes_mdv3','FI','ExSeq_13k_ea_genes_dv1__FI'),('ExSeq_13k_ea_genes_mdv3','HBA1C','ExSeq_13k_ea_genes_dv1__HBA1C'),('ExSeq_13k_ea_genes_mdv3','HDL','ExSeq_13k_ea_genes_dv1__HDL'),('ExSeq_13k_ea_genes_mdv3','HEIGHT','ExSeq_13k_ea_genes_dv1__HEIGHT'),('ExSeq_13k_ea_genes_mdv3','HIPC','ExSeq_13k_ea_genes_dv1__HIPC'),('ExSeq_13k_ea_genes_mdv3','LDL','ExSeq_13k_ea_genes_dv1__LDL'),('ExSeq_13k_ea_genes_mdv3','SBP','ExSeq_13k_ea_genes_dv1__SBP'),('ExSeq_13k_ea_genes_mdv3','TG','ExSeq_13k_ea_genes_dv1__TG'),('ExSeq_13k_ea_genes_mdv3','WAIST','ExSeq_13k_ea_genes_dv1__WAIST'),('ExSeq_13k_ea_genes_mdv3','WHR','ExSeq_13k_ea_genes_dv1__WHR'),('ExSeq_13k_eu_genes_mdv1','T2D','ExSeq_13k_eu_genes_dv1__T2D'),('ExSeq_13k_eu_go_mdv1','T2D','ExSeq_13k_eu_go_dv1__T2D'),('ExSeq_13k_eu_mdv1','BMI','ExSeq_13k_eu_dv1__BMI'),('ExSeq_13k_eu_mdv1','CHOL','ExSeq_13k_eu_dv1__CHOL'),('ExSeq_13k_eu_mdv1','DBP','ExSeq_13k_eu_dv1__DBP'),('ExSeq_13k_eu_mdv1','FG','ExSeq_13k_eu_dv1__FG'),('ExSeq_13k_eu_mdv1','FI','ExSeq_13k_eu_dv1__FI'),('ExSeq_13k_eu_mdv1','HBA1C','ExSeq_13k_eu_dv1__HBA1C'),('ExSeq_13k_eu_mdv1','HDL','ExSeq_13k_eu_dv1__HDL'),('ExSeq_13k_eu_mdv1','HEIGHT','ExSeq_13k_eu_dv1__HEIGHT'),('ExSeq_13k_eu_mdv1','HIPC','ExSeq_13k_eu_dv1__HIPC'),('ExSeq_13k_eu_mdv1','LDL','ExSeq_13k_eu_dv1__LDL'),('ExSeq_13k_eu_mdv1','SBP','ExSeq_13k_eu_dv1__SBP'),('ExSeq_13k_eu_mdv1','T2D','ExSeq_13k_eu_dv1__T2D'),('ExSeq_13k_eu_mdv1','TG','ExSeq_13k_eu_dv1__TG'),('ExSeq_13k_eu_mdv1','WAIST','ExSeq_13k_eu_dv1__WAIST'),('ExSeq_13k_eu_mdv1','WHR','ExSeq_13k_eu_dv1__WHR'),('ExSeq_13k_eu_mdv2','BMI','ExSeq_13k_eu_dv1__BMI'),('ExSeq_13k_eu_mdv2','CHOL','ExSeq_13k_eu_dv1__CHOL'),('ExSeq_13k_eu_mdv2','DBP','ExSeq_13k_eu_dv1__DBP'),('ExSeq_13k_eu_mdv2','FG','ExSeq_13k_eu_dv1__FG'),('ExSeq_13k_eu_mdv2','FI','ExSeq_13k_eu_dv1__FI'),('ExSeq_13k_eu_mdv2','HBA1C','ExSeq_13k_eu_dv1__HBA1C'),('ExSeq_13k_eu_mdv2','HDL','ExSeq_13k_eu_dv1__HDL'),('ExSeq_13k_eu_mdv2','HEIGHT','ExSeq_13k_eu_dv1__HEIGHT'),('ExSeq_13k_eu_mdv2','HIPC','ExSeq_13k_eu_dv1__HIPC'),('ExSeq_13k_eu_mdv2','LDL','ExSeq_13k_eu_dv1__LDL'),('ExSeq_13k_eu_mdv2','SBP','ExSeq_13k_eu_dv1__SBP'),('ExSeq_13k_eu_mdv2','TG','ExSeq_13k_eu_dv1__TG'),('ExSeq_13k_eu_mdv2','WAIST','ExSeq_13k_eu_dv1__WAIST'),('ExSeq_13k_eu_mdv2','WHR','ExSeq_13k_eu_dv1__WHR'),('ExSeq_13k_eu_mdv3','BMI','ExSeq_13k_eu_dv1__BMI'),('ExSeq_13k_eu_mdv3','CHOL','ExSeq_13k_eu_dv1__CHOL'),('ExSeq_13k_eu_mdv3','DBP','ExSeq_13k_eu_dv1__DBP'),('ExSeq_13k_eu_mdv3','FG','ExSeq_13k_eu_dv1__FG'),('ExSeq_13k_eu_mdv3','FI','ExSeq_13k_eu_dv1__FI'),('ExSeq_13k_eu_mdv3','HBA1C','ExSeq_13k_eu_dv1__HBA1C'),('ExSeq_13k_eu_mdv3','HDL','ExSeq_13k_eu_dv1__HDL'),('ExSeq_13k_eu_mdv3','HEIGHT','ExSeq_13k_eu_dv1__HEIGHT'),('ExSeq_13k_eu_mdv3','HIPC','ExSeq_13k_eu_dv1__HIPC'),('ExSeq_13k_eu_mdv3','LDL','ExSeq_13k_eu_dv1__LDL'),('ExSeq_13k_eu_mdv3','SBP','ExSeq_13k_eu_dv1__SBP'),('ExSeq_13k_eu_mdv3','TG','ExSeq_13k_eu_dv1__TG'),('ExSeq_13k_eu_mdv3','WAIST','ExSeq_13k_eu_dv1__WAIST'),('ExSeq_13k_eu_mdv3','WHR','ExSeq_13k_eu_dv1__WHR'),('ExSeq_13k_hs_genes_mdv1','BMI','ExSeq_13k_hs_genes_dv1__BMI'),('ExSeq_13k_hs_genes_mdv1','CHOL','ExSeq_13k_hs_genes_dv1__CHOL'),('ExSeq_13k_hs_genes_mdv1','DBP','ExSeq_13k_hs_genes_dv1__DBP'),('ExSeq_13k_hs_genes_mdv1','FG','ExSeq_13k_hs_genes_dv1__FG'),('ExSeq_13k_hs_genes_mdv1','FI','ExSeq_13k_hs_genes_dv1__FI'),('ExSeq_13k_hs_genes_mdv1','HBA1C','ExSeq_13k_hs_genes_dv1__HBA1C'),('ExSeq_13k_hs_genes_mdv1','HDL','ExSeq_13k_hs_genes_dv1__HDL'),('ExSeq_13k_hs_genes_mdv1','HEIGHT','ExSeq_13k_hs_genes_dv1__HEIGHT'),('ExSeq_13k_hs_genes_mdv1','HIPC','ExSeq_13k_hs_genes_dv1__HIPC'),('ExSeq_13k_hs_genes_mdv1','LDL','ExSeq_13k_hs_genes_dv1__LDL'),('ExSeq_13k_hs_genes_mdv1','SBP','ExSeq_13k_hs_genes_dv1__SBP'),('ExSeq_13k_hs_genes_mdv1','T2D','ExSeq_13k_hs_genes_dv1__T2D'),('ExSeq_13k_hs_genes_mdv1','TG','ExSeq_13k_hs_genes_dv1__TG'),('ExSeq_13k_hs_genes_mdv1','WAIST','ExSeq_13k_hs_genes_dv1__WAIST'),('ExSeq_13k_hs_genes_mdv1','WHR','ExSeq_13k_hs_genes_dv1__WHR'),('ExSeq_13k_hs_genes_mdv2','BMI','ExSeq_13k_hs_genes_dv1__BMI'),('ExSeq_13k_hs_genes_mdv2','CHOL','ExSeq_13k_hs_genes_dv1__CHOL'),('ExSeq_13k_hs_genes_mdv2','DBP','ExSeq_13k_hs_genes_dv1__DBP'),('ExSeq_13k_hs_genes_mdv2','FG','ExSeq_13k_hs_genes_dv1__FG'),('ExSeq_13k_hs_genes_mdv2','FI','ExSeq_13k_hs_genes_dv1__FI'),('ExSeq_13k_hs_genes_mdv2','HBA1C','ExSeq_13k_hs_genes_dv1__HBA1C'),('ExSeq_13k_hs_genes_mdv2','HDL','ExSeq_13k_hs_genes_dv1__HDL'),('ExSeq_13k_hs_genes_mdv2','HEIGHT','ExSeq_13k_hs_genes_dv1__HEIGHT'),('ExSeq_13k_hs_genes_mdv2','HIPC','ExSeq_13k_hs_genes_dv1__HIPC'),('ExSeq_13k_hs_genes_mdv2','LDL','ExSeq_13k_hs_genes_dv1__LDL'),('ExSeq_13k_hs_genes_mdv2','SBP','ExSeq_13k_hs_genes_dv1__SBP'),('ExSeq_13k_hs_genes_mdv2','TG','ExSeq_13k_hs_genes_dv1__TG'),('ExSeq_13k_hs_genes_mdv2','WAIST','ExSeq_13k_hs_genes_dv1__WAIST'),('ExSeq_13k_hs_genes_mdv2','WHR','ExSeq_13k_hs_genes_dv1__WHR'),('ExSeq_13k_hs_genes_mdv3','BMI','ExSeq_13k_hs_genes_dv1__BMI'),('ExSeq_13k_hs_genes_mdv3','CHOL','ExSeq_13k_hs_genes_dv1__CHOL'),('ExSeq_13k_hs_genes_mdv3','DBP','ExSeq_13k_hs_genes_dv1__DBP'),('ExSeq_13k_hs_genes_mdv3','FG','ExSeq_13k_hs_genes_dv1__FG'),('ExSeq_13k_hs_genes_mdv3','FI','ExSeq_13k_hs_genes_dv1__FI'),('ExSeq_13k_hs_genes_mdv3','HBA1C','ExSeq_13k_hs_genes_dv1__HBA1C'),('ExSeq_13k_hs_genes_mdv3','HDL','ExSeq_13k_hs_genes_dv1__HDL'),('ExSeq_13k_hs_genes_mdv3','HEIGHT','ExSeq_13k_hs_genes_dv1__HEIGHT'),('ExSeq_13k_hs_genes_mdv3','HIPC','ExSeq_13k_hs_genes_dv1__HIPC'),('ExSeq_13k_hs_genes_mdv3','LDL','ExSeq_13k_hs_genes_dv1__LDL'),('ExSeq_13k_hs_genes_mdv3','SBP','ExSeq_13k_hs_genes_dv1__SBP'),('ExSeq_13k_hs_genes_mdv3','TG','ExSeq_13k_hs_genes_dv1__TG'),('ExSeq_13k_hs_genes_mdv3','WAIST','ExSeq_13k_hs_genes_dv1__WAIST'),('ExSeq_13k_hs_genes_mdv3','WHR','ExSeq_13k_hs_genes_dv1__WHR'),('ExSeq_13k_mdv1','BMI','ExSeq_13k_dv1__BMI'),('ExSeq_13k_mdv1','CHOL','ExSeq_13k_dv1__CHOL'),('ExSeq_13k_mdv1','DBP','ExSeq_13k_dv1__DBP'),('ExSeq_13k_mdv1','FG','ExSeq_13k_dv1__FG'),('ExSeq_13k_mdv1','FI','ExSeq_13k_dv1__FI'),('ExSeq_13k_mdv1','HBA1C','ExSeq_13k_dv1__HBA1C'),('ExSeq_13k_mdv1','HDL','ExSeq_13k_dv1__HDL'),('ExSeq_13k_mdv1','HEIGHT','ExSeq_13k_dv1__HEIGHT'),('ExSeq_13k_mdv1','HIPC','ExSeq_13k_dv1__HIPC'),('ExSeq_13k_mdv1','LDL','ExSeq_13k_dv1__LDL'),('ExSeq_13k_mdv1','SBP','ExSeq_13k_dv1__SBP'),('ExSeq_13k_mdv1','T2D','ExSeq_13k_dv1__T2D'),('ExSeq_13k_mdv1','TG','ExSeq_13k_dv1__TG'),('ExSeq_13k_mdv1','WAIST','ExSeq_13k_dv1__WAIST'),('ExSeq_13k_mdv1','WHR','ExSeq_13k_dv1__WHR'),('ExSeq_13k_mdv2','BMI','ExSeq_13k_dv1__BMI'),('ExSeq_13k_mdv2','CHOL','ExSeq_13k_dv1__CHOL'),('ExSeq_13k_mdv2','DBP','ExSeq_13k_dv1__DBP'),('ExSeq_13k_mdv2','FG','ExSeq_13k_dv1__FG'),('ExSeq_13k_mdv2','FI','ExSeq_13k_dv1__FI'),('ExSeq_13k_mdv2','HBA1C','ExSeq_13k_dv1__HBA1C'),('ExSeq_13k_mdv2','HDL','ExSeq_13k_dv1__HDL'),('ExSeq_13k_mdv2','HEIGHT','ExSeq_13k_dv1__HEIGHT'),('ExSeq_13k_mdv2','HIPC','ExSeq_13k_dv1__HIPC'),('ExSeq_13k_mdv2','LDL','ExSeq_13k_dv1__LDL'),('ExSeq_13k_mdv2','SBP','ExSeq_13k_dv1__SBP'),('ExSeq_13k_mdv2','TG','ExSeq_13k_dv1__TG'),('ExSeq_13k_mdv2','WAIST','ExSeq_13k_dv1__WAIST'),('ExSeq_13k_mdv2','WHR','ExSeq_13k_dv1__WHR'),('ExSeq_13k_mdv3','BMI','ExSeq_13k_dv1__BMI'),('ExSeq_13k_mdv3','CHOL','ExSeq_13k_dv1__CHOL'),('ExSeq_13k_mdv3','DBP','ExSeq_13k_dv1__DBP'),('ExSeq_13k_mdv3','FG','ExSeq_13k_dv1__FG'),('ExSeq_13k_mdv3','FI','ExSeq_13k_dv1__FI'),('ExSeq_13k_mdv3','HBA1C','ExSeq_13k_dv1__HBA1C'),('ExSeq_13k_mdv3','HDL','ExSeq_13k_dv1__HDL'),('ExSeq_13k_mdv3','HEIGHT','ExSeq_13k_dv1__HEIGHT'),('ExSeq_13k_mdv3','HIPC','ExSeq_13k_dv1__HIPC'),('ExSeq_13k_mdv3','LDL','ExSeq_13k_dv1__LDL'),('ExSeq_13k_mdv3','SBP','ExSeq_13k_dv1__SBP'),('ExSeq_13k_mdv3','TG','ExSeq_13k_dv1__TG'),('ExSeq_13k_mdv3','WAIST','ExSeq_13k_dv1__WAIST'),('ExSeq_13k_mdv3','WHR','ExSeq_13k_dv1__WHR'),('ExSeq_13k_sa_genes_mdv1','BMI','ExSeq_13k_sa_genes_dv1__BMI'),('ExSeq_13k_sa_genes_mdv1','CHOL','ExSeq_13k_sa_genes_dv1__CHOL'),('ExSeq_13k_sa_genes_mdv1','DBP','ExSeq_13k_sa_genes_dv1__DBP'),('ExSeq_13k_sa_genes_mdv1','FG','ExSeq_13k_sa_genes_dv1__FG'),('ExSeq_13k_sa_genes_mdv1','FI','ExSeq_13k_sa_genes_dv1__FI'),('ExSeq_13k_sa_genes_mdv1','HBA1C','ExSeq_13k_sa_genes_dv1__HBA1C'),('ExSeq_13k_sa_genes_mdv1','HDL','ExSeq_13k_sa_genes_dv1__HDL'),('ExSeq_13k_sa_genes_mdv1','HEIGHT','ExSeq_13k_sa_genes_dv1__HEIGHT'),('ExSeq_13k_sa_genes_mdv1','HIPC','ExSeq_13k_sa_genes_dv1__HIPC'),('ExSeq_13k_sa_genes_mdv1','LDL','ExSeq_13k_sa_genes_dv1__LDL'),('ExSeq_13k_sa_genes_mdv1','SBP','ExSeq_13k_sa_genes_dv1__SBP'),('ExSeq_13k_sa_genes_mdv1','T2D','ExSeq_13k_sa_genes_dv1__T2D'),('ExSeq_13k_sa_genes_mdv1','TG','ExSeq_13k_sa_genes_dv1__TG'),('ExSeq_13k_sa_genes_mdv1','WAIST','ExSeq_13k_sa_genes_dv1__WAIST'),('ExSeq_13k_sa_genes_mdv1','WHR','ExSeq_13k_sa_genes_dv1__WHR'),('ExSeq_13k_sa_genes_mdv2','BMI','ExSeq_13k_sa_genes_dv1__BMI'),('ExSeq_13k_sa_genes_mdv2','CHOL','ExSeq_13k_sa_genes_dv1__CHOL'),('ExSeq_13k_sa_genes_mdv2','DBP','ExSeq_13k_sa_genes_dv1__DBP'),('ExSeq_13k_sa_genes_mdv2','FG','ExSeq_13k_sa_genes_dv1__FG'),('ExSeq_13k_sa_genes_mdv2','FI','ExSeq_13k_sa_genes_dv1__FI'),('ExSeq_13k_sa_genes_mdv2','HBA1C','ExSeq_13k_sa_genes_dv1__HBA1C'),('ExSeq_13k_sa_genes_mdv2','HDL','ExSeq_13k_sa_genes_dv1__HDL'),('ExSeq_13k_sa_genes_mdv2','HEIGHT','ExSeq_13k_sa_genes_dv1__HEIGHT'),('ExSeq_13k_sa_genes_mdv2','HIPC','ExSeq_13k_sa_genes_dv1__HIPC'),('ExSeq_13k_sa_genes_mdv2','LDL','ExSeq_13k_sa_genes_dv1__LDL'),('ExSeq_13k_sa_genes_mdv2','SBP','ExSeq_13k_sa_genes_dv1__SBP'),('ExSeq_13k_sa_genes_mdv2','TG','ExSeq_13k_sa_genes_dv1__TG'),('ExSeq_13k_sa_genes_mdv2','WAIST','ExSeq_13k_sa_genes_dv1__WAIST'),('ExSeq_13k_sa_genes_mdv2','WHR','ExSeq_13k_sa_genes_dv1__WHR'),('ExSeq_13k_sa_genes_mdv3','BMI','ExSeq_13k_sa_genes_dv1__BMI'),('ExSeq_13k_sa_genes_mdv3','CHOL','ExSeq_13k_sa_genes_dv1__CHOL'),('ExSeq_13k_sa_genes_mdv3','DBP','ExSeq_13k_sa_genes_dv1__DBP'),('ExSeq_13k_sa_genes_mdv3','FG','ExSeq_13k_sa_genes_dv1__FG'),('ExSeq_13k_sa_genes_mdv3','FI','ExSeq_13k_sa_genes_dv1__FI'),('ExSeq_13k_sa_genes_mdv3','HBA1C','ExSeq_13k_sa_genes_dv1__HBA1C'),('ExSeq_13k_sa_genes_mdv3','HDL','ExSeq_13k_sa_genes_dv1__HDL'),('ExSeq_13k_sa_genes_mdv3','HEIGHT','ExSeq_13k_sa_genes_dv1__HEIGHT'),('ExSeq_13k_sa_genes_mdv3','HIPC','ExSeq_13k_sa_genes_dv1__HIPC'),('ExSeq_13k_sa_genes_mdv3','LDL','ExSeq_13k_sa_genes_dv1__LDL'),('ExSeq_13k_sa_genes_mdv3','SBP','ExSeq_13k_sa_genes_dv1__SBP'),('ExSeq_13k_sa_genes_mdv3','TG','ExSeq_13k_sa_genes_dv1__TG'),('ExSeq_13k_sa_genes_mdv3','WAIST','ExSeq_13k_sa_genes_dv1__WAIST'),('ExSeq_13k_sa_genes_mdv3','WHR','ExSeq_13k_sa_genes_dv1__WHR'),('WGS_GoT2D_mdv1','T2D','WGS_GoT2D_dv1__T2D'),('WGS_GoT2D_mdv2','T2D','WGS_GoT2D_dv1__T2D'),('WGS_GoT2D_mdv3','T2D','WGS_GoT2D_dv1__T2D'),('WGS_GoT2Dimputed_mdv1','T2D','WGS_GoT2Dimputed_dv1__T2D'),('WGS_GoT2Dimputed_mdv2','T2D','WGS_GoT2Dimputed_dv1__T2D'),('WGS_GoT2Dimputed_mdv3','T2D','WGS_GoT2Dimputed_dv1__T2D'),('ExChip_82k_mdv1','T2D','ExChip_82k_dv1__T2D'),('ExChip_82k_mdv2','T2D','ExChip_82k_dv1__T2D'),('ExChip_SIGMA1_mdv1','T2D','ExChip_SIGMA1_dv1__T2D'),('ExChip_SIGMA1_mdv2','T2D','ExChip_SIGMA1_dv1__T2D'),('GWAS_70kForT2D_chrXfemales_mdv4','T2D','GWAS_70kForT2D_chrXfemales_dv1__T2D'),('GWAS_70kForT2D_chrXmales_mdv4','T2D','GWAS_70kForT2D_chrXmales_dv1__T2D'),('GWAS_70kForT2D_mdv4','T2D','GWAS_70kForT2D_dv1__T2D'),('GWAS_70kForT2D_noDIAGRAM_mdv4','T2D','GWAS_70kForT2D_noDIAGRAM_dv1__T2D'),('GWAS_CARDIoGRAM_mdv1','CAD','GWAS_CARDIoGRAM_dv1__CAD'),('GWAS_CARDIoGRAM_mdv2','CAD','GWAS_CARDIoGRAM_dv2__CAD'),('GWAS_CARDIoGRAM_mdv5','CAD','GWAS_CARDIoGRAM_dv2__CAD'),('GWAS_CKDGenConsortium_mdv1','CKD','GWAS_CKDGenConsortium_dv1__CKD'),('GWAS_CKDGenConsortium_mdv1','UACR','GWAS_CKDGenConsortium_dv1__UACR'),('GWAS_CKDGenConsortium_mdv1','eGFRcrea','GWAS_CKDGenConsortium_dv1__eGFRcrea'),('GWAS_CKDGenConsortium_mdv1','eGFRcys','GWAS_CKDGenConsortium_dv1__eGFRcys'),('GWAS_CKDGenConsortium_mdv2','CKD','GWAS_CKDGenConsortium_dv1__CKD'),('GWAS_CKDGenConsortium_mdv2','UACR','GWAS_CKDGenConsortium_dv1__UACR'),('GWAS_CKDGenConsortium_mdv2','eGFRcrea','GWAS_CKDGenConsortium_dv1__eGFRcrea'),('GWAS_CKDGenConsortium_mdv2','eGFRcys','GWAS_CKDGenConsortium_dv1__eGFRcys'),('GWAS_CKDGenConsortium_mdv5','CKD','GWAS_CKDGenConsortium_dv1__CKD'),('GWAS_CKDGenConsortium_mdv5','UACR','GWAS_CKDGenConsortium_dv1__UACR'),('GWAS_CKDGenConsortium_mdv5','eGFRcrea','GWAS_CKDGenConsortium_dv1__eGFRcrea'),('GWAS_CKDGenConsortium_mdv5','eGFRcys','GWAS_CKDGenConsortium_dv1__eGFRcys'),('GWAS_DIAGRAM_mdv1','T2D','GWAS_DIAGRAM_dv1__T2D'),('GWAS_DIAGRAM_mdv2','T2D','GWAS_DIAGRAM_dv2__T2D'),('GWAS_DIAGRAM_mdv5','T2D','GWAS_DIAGRAM_dv2__T2D'),('GWAS_GIANT_mdv1','BMI','GWAS_GIANT_dv1__BMI'),('GWAS_GIANT_mdv1','HEIGHT','GWAS_GIANT_dv1__HEIGHT'),('GWAS_GIANT_mdv1','WHR','GWAS_GIANT_dv1__WHR'),('GWAS_GIANT_mdv2','BMI','GWAS_GIANT_dv2__BMI'),('GWAS_GIANT_mdv2','HEIGHT','GWAS_GIANT_dv2__HEIGHT'),('GWAS_GIANT_mdv2','WHR','GWAS_GIANT_dv1__WHR'),('GWAS_GIANT_mdv5','BMI','GWAS_GIANT_dv2__BMI'),('GWAS_GIANT_mdv5','HEIGHT','GWAS_GIANT_dv2__HEIGHT'),('GWAS_GIANT_mdv5','WHR','GWAS_GIANT_dv1__WHR'),('GWAS_GLGC_mdv1','CHOL','GWAS_GLGC_dv1__CHOL'),('GWAS_GLGC_mdv1','HDL','GWAS_GLGC_dv1__HDL'),('GWAS_GLGC_mdv1','LDL','GWAS_GLGC_dv1__LDL'),('GWAS_GLGC_mdv1','TG','GWAS_GLGC_dv1__TG'),('GWAS_GLGC_mdv2','CHOL','GWAS_GLGC_dv1__CHOL'),('GWAS_GLGC_mdv2','HDL','GWAS_GLGC_dv1__HDL'),('GWAS_GLGC_mdv2','LDL','GWAS_GLGC_dv1__LDL'),('GWAS_GLGC_mdv2','TG','GWAS_GLGC_dv1__TG'),('GWAS_GLGC_mdv5','CHOL','GWAS_GLGC_dv1__CHOL'),('GWAS_GLGC_mdv5','HDL','GWAS_GLGC_dv1__HDL'),('GWAS_GLGC_mdv5','LDL','GWAS_GLGC_dv1__LDL'),('GWAS_GLGC_mdv5','TG','GWAS_GLGC_dv1__TG'),('GWAS_MAGIC_mdv1','2hrG','GWAS_MAGIC_dv1__2hrG'),('GWAS_MAGIC_mdv1','2hrI','GWAS_MAGIC_dv1__2hrI'),('GWAS_MAGIC_mdv1','FG','GWAS_MAGIC_dv1__FG'),('GWAS_MAGIC_mdv1','FI','GWAS_MAGIC_dv1__FI'),('GWAS_MAGIC_mdv1','HBA1C','GWAS_MAGIC_dv1__HBA1C'),('GWAS_MAGIC_mdv1','HOMAB','GWAS_MAGIC_dv1__HOMAB'),('GWAS_MAGIC_mdv1','HOMAIR','GWAS_MAGIC_dv1__HOMAIR'),('GWAS_MAGIC_mdv1','MA','GWAS_MAGIC_dv1__MA'),('GWAS_MAGIC_mdv1','PI','GWAS_MAGIC_dv1__PI'),('GWAS_MAGIC_mdv2','2hrG','GWAS_MAGIC_dv1__2hrG'),('GWAS_MAGIC_mdv2','2hrI','GWAS_MAGIC_dv1__2hrI'),('GWAS_MAGIC_mdv2','FG','GWAS_MAGIC_dv1__FG'),('GWAS_MAGIC_mdv2','FI','GWAS_MAGIC_dv1__FI'),('GWAS_MAGIC_mdv2','HBA1C','GWAS_MAGIC_dv1__HBA1C'),('GWAS_MAGIC_mdv2','HOMAB','GWAS_MAGIC_dv1__HOMAB'),('GWAS_MAGIC_mdv2','HOMAIR','GWAS_MAGIC_dv1__HOMAIR'),('GWAS_MAGIC_mdv2','MA','GWAS_MAGIC_dv1__MA'),('GWAS_MAGIC_mdv2','PI','GWAS_MAGIC_dv1__PI'),('GWAS_MAGIC_mdv5','2hrG','GWAS_MAGIC_dv1__2hrG'),('GWAS_MAGIC_mdv5','2hrI','GWAS_MAGIC_dv1__2hrI'),('GWAS_MAGIC_mdv5','FG','GWAS_MAGIC_dv1__FG'),('GWAS_MAGIC_mdv5','FI','GWAS_MAGIC_dv1__FI'),('GWAS_MAGIC_mdv5','HBA1C','GWAS_MAGIC_dv1__HBA1C'),('GWAS_MAGIC_mdv5','HOMAB','GWAS_MAGIC_dv1__HOMAB'),('GWAS_MAGIC_mdv5','HOMAIR','GWAS_MAGIC_dv1__HOMAIR'),('GWAS_MAGIC_mdv5','MA','GWAS_MAGIC_dv1__MA'),('GWAS_MAGIC_mdv5','PI','GWAS_MAGIC_dv1__PI'),('GWAS_MetaStroke_mdv5','Stroke_CE','GWAS_MetaStroke_dv1__Stroke_CE'),('GWAS_MetaStroke_mdv5','Stroke_IS','GWAS_MetaStroke_dv1__Stroke_IS'),('GWAS_MetaStroke_mdv5','Stroke_LVD','GWAS_MetaStroke_dv1__Stroke_LVD'),('GWAS_MetaStroke_mdv5','Stroke_SVD','GWAS_MetaStroke_dv1__Stroke_SVD'),('GWAS_PGC_mdv1','BIP','GWAS_PGC_dv1__BIP'),('GWAS_PGC_mdv1','MDD','GWAS_PGC_dv1__MDD'),('GWAS_PGC_mdv1','SCZ','GWAS_PGC_dv1__SCZ'),('GWAS_PGC_mdv2','BIP','GWAS_PGC_dv1__BIP'),('GWAS_PGC_mdv2','MDD','GWAS_PGC_dv1__MDD'),('GWAS_PGC_mdv2','SCZ','GWAS_PGC_dv1__SCZ'),('GWAS_PGC_mdv5','BIP','GWAS_PGC_dv1__BIP'),('GWAS_PGC_mdv5','MDD','GWAS_PGC_dv1__MDD'),('GWAS_PGC_mdv5','SCZ','GWAS_PGC_dv1__SCZ'),('GWAS_SIGMA1_mdv1','T2D','GWAS_SIGMA1_dv1__T2D'),('GWAS_SIGMA1_mdv2','T2D','GWAS_SIGMA1_dv1__T2D'),('GWAS_Stroke_europe_mdv5','Stroke_all','GWAS_Stroke_europe_dv1__Stroke_all'),('GWAS_Stroke_europe_mdv5','Stroke_deep','GWAS_Stroke_europe_dv1__Stroke_deep'),('GWAS_Stroke_europe_mdv5','Stroke_lobar','GWAS_Stroke_europe_dv1__Stroke_lobar'),('GWAS_Stroke_gerfhs_mdv5','Stroke_all','GWAS_Stroke_gerfhs_dv1__Stroke_all'),('GWAS_Stroke_gerfhs_mdv5','Stroke_deep','GWAS_Stroke_gerfhs_dv1__Stroke_deep'),('GWAS_Stroke_gerfhs_mdv5','Stroke_lobar','GWAS_Stroke_gerfhs_dv1__Stroke_lobar'),('GWAS_Stroke_gocha_mdv5','Stroke_all','GWAS_Stroke_gocha_dv1__Stroke_all'),('GWAS_Stroke_gocha_mdv5','Stroke_deep','GWAS_Stroke_gocha_dv1__Stroke_deep'),('GWAS_Stroke_gocha_mdv5','Stroke_lobar','GWAS_Stroke_gocha_dv1__Stroke_lobar'),('GWAS_Stroke_mdv5','Stroke_all','GWAS_Stroke_dv1__Stroke_all'),('GWAS_Stroke_mdv5','Stroke_deep','GWAS_Stroke_dv1__Stroke_deep'),('GWAS_Stroke_mdv5','Stroke_lobar','GWAS_Stroke_dv1__Stroke_lobar');
/*!40000 ALTER TABLE `ID_PH` ENABLE KEYS */;
UNLOCK TABLES;

--
-- Table structure for table `PH`
--

DROP TABLE IF EXISTS `PH`;
/*!40101 SET @saved_cs_client     = @@character_set_client */;
/*!40101 SET character_set_client = utf8 */;
CREATE TABLE `PH` (
  `PH` text COLLATE utf8mb4_unicode_ci,
  `GRP` text COLLATE utf8mb4_unicode_ci,
  `SORT` double DEFAULT NULL,
  KEY `PH` (`PH`(191))
) ENGINE=InnoDB DEFAULT CHARSET=utf8mb4 COLLATE=utf8mb4_unicode_ci;
/*!40101 SET character_set_client = @saved_cs_client */;

--
-- Dumping data for table `PH`
--

LOCK TABLES `PH` WRITE;
/*!40000 ALTER TABLE `PH` DISABLE KEYS */;
INSERT INTO `PH` VALUES ('T2D','GLYCEMIC',1),('HBA1C','GLYCEMIC',2),('FG','GLYCEMIC',3),('2hrG','GLYCEMIC',4),('HOMAB','GLYCEMIC',5),('FI','GLYCEMIC',6),('2hrI','GLYCEMIC',7),('HOMAIR','GLYCEMIC',8),('PI','GLYCEMIC',9),('BMI','ANTHROPOMETRIC',10),('WHR','ANTHROPOMETRIC',11),('WAIST','ANTHROPOMETRIC',12),('HIPC','ANTHROPOMETRIC',13),('HEIGHT','ANTHROPOMETRIC',14),('CAD','LIPIDS',15),('CHOL','LIPIDS',16),('LDL','LIPIDS',17),('TG','LIPIDS',18),('HDL','LIPIDS',19),('CKD','RENAL',20),('eGFRcrea','RENAL',21),('eGFRcys','RENAL',22),('UACR','RENAL',23),('MA','RENAL',24),('DBP','BLOOD PRESSURE',25),('SBP','BLOOD PRESSURE',26),('BIP','PSYCHIATRIC',27),('MDD','PSYCHIATRIC',28),('SCZ','PSYCHIATRIC',29),('Stroke_all','INTRACEREBRAL HEMORRHAGE',30),('Stroke_deep','INTRACEREBRAL HEMORRHAGE',31),('Stroke_lobar','INTRACEREBRAL HEMORRHAGE',32),('Stroke_CE','ISCHEMIC_STROKE',33),('Stroke_IS','ISCHEMIC_STROKE',34),('Stroke_LVD','ISCHEMIC_STROKE',35),('Stroke_SVD','ISCHEMIC_STROKE',36);
/*!40000 ALTER TABLE `PH` ENABLE KEYS */;
UNLOCK TABLES;

--
-- Table structure for table `PROP`
--

DROP TABLE IF EXISTS `PROP`;
/*!40101 SET @saved_cs_client     = @@character_set_client */;
/*!40101 SET character_set_client = utf8 */;
CREATE TABLE `PROP` (
  `PROP` text COLLATE utf8mb4_unicode_ci,
  `COM_DS` text COLLATE utf8mb4_unicode_ci,
  `COM_PH` text COLLATE utf8mb4_unicode_ci,
  `DB_COL` text COLLATE utf8mb4_unicode_ci,
  `PROP_TYPE` text COLLATE utf8mb4_unicode_ci,
  `SEARCHABLE` text COLLATE utf8mb4_unicode_ci,
  `DISPLAYABLE` text COLLATE utf8mb4_unicode_ci,
  `SORT` double DEFAULT NULL,
  `MEANING` text COLLATE utf8mb4_unicode_ci,
  KEY `PROP` (`PROP`(191))
) ENGINE=InnoDB DEFAULT CHARSET=utf8mb4 COLLATE=utf8mb4_unicode_ci;
/*!40101 SET character_set_client = @saved_cs_client */;

--
-- Dumping data for table `PROP`
--

LOCK TABLES `PROP` WRITE;
/*!40000 ALTER TABLE `PROP` DISABLE KEYS */;
INSERT INTO `PROP` VALUES ('VAR_ID','TRUE','NULL','VAR_ID','STRING','FALSE','FALSE',61,'VAR_ID'),('DBSNP_ID','TRUE','NULL','DBSNP_ID','STRING','TRUE','TRUE',62,'DBSNP_ID'),('DISPLAY_NAME','TRUE','NULL','DBSNP_ID','STRING','TRUE','TRUE',62,'DISPLAY_NAME'),('CHROM','TRUE','NULL','CHROM','STRING','TRUE','TRUE',65,'CHROM'),('CLOSEST_GENE','TRUE','NULL','CLOSEST_GENE','STRING','TRUE','TRUE',60,'CLOSEST_GENE'),('Condel_PRED','TRUE','NULL','Condel_PRED','STRING','TRUE','TRUE',68,'Condel_PRED'),('Consequence','TRUE','NULL','Consequence','STRING','TRUE','TRUE',64,'Consequence'),('GENE','TRUE','NULL','GENE','STRING','TRUE','TRUE',67,'GENE'),('MOST_DEL_SCORE','TRUE','NULL','MOST_DEL_SCORE','INTEGER','TRUE','TRUE',69,'MOST_DEL_SCORE'),('POS','TRUE','NULL','POS','INTEGER','TRUE','TRUE',66,'POS'),('Reference_Allele','TRUE','NULL','Reference_Allele','STRING','TRUE','TRUE',66,'Reference_Allele'),('Effect_Allele','TRUE','NULL','Effect_Allele','STRING','TRUE','TRUE',66,'Effect_Allele'),('PolyPhen_PRED','TRUE','NULL','PolyPhen_PRED','STRING','TRUE','TRUE',68,'PolyPhen_PRED'),('Protein_change','TRUE','NULL','Protein_change','STRING','TRUE','TRUE',63,'Protein_change'),('SIFT_PRED','TRUE','NULL','SIFT_PRED','STRING','TRUE','TRUE',68,'SIFT_PRED'),('TRANSCRIPT_ANNOT','TRUE','NULL','TRANSCRIPT_ANNOT','STRING','FALSE','FALSE',67,'TRANSCRIPT_ANNOT'),('EAF','FALSE','TRUE','EAF','FLOAT','TRUE','TRUE',40,'EAF'),('MAC','FALSE','TRUE','MAC','INTEGER','TRUE','TRUE',40,'MAC'),('MAF','FALSE','TRUE','MAF','FLOAT','TRUE','TRUE',30,'MAF'),('F_MISS','FALSE','TRUE','F_MISS','FLOAT','FALSE','FALSE',70,'F_MISS'),('QCFAIL','FALSE','TRUE','QCFAIL','INTEGER','FALSE','FALSE',70,'QCFAIL'),('IMP_QC','FALSE','TRUE','IMP_QC','FLOAT','FALSE','FALSE',70,'IMP_QC'),('FMISS_17k','FALSE','TRUE','FMISS_17k','FLOAT','FALSE','FALSE',70,'FMISS_17k'),('GENO_26k','FALSE','TRUE','GENO_26k','FLOAT','FALSE','FALSE',70,'GENO_26k'),('HETA','FALSE','FALSE','HETA','INTEGER','FALSE','FALSE',50,'HETA'),('HETU','FALSE','FALSE','HETU','INTEGER','FALSE','FALSE',50,'HETU'),('HOMA','FALSE','FALSE','HOMA','INTEGER','FALSE','FALSE',50,'HOMA'),('HOMU','FALSE','FALSE','HOMU','INTEGER','FALSE','FALSE',50,'HOMU'),('MINA','FALSE','FALSE','MINA','INTEGER','TRUE','TRUE',50,'MINA'),('MINU','FALSE','FALSE','MINU','INTEGER','TRUE','TRUE',50,'MINU'),('OBSA','FALSE','FALSE','OBSA','INTEGER','FALSE','FALSE',70,'OBSA'),('OBSU','FALSE','FALSE','OBSU','INTEGER','FALSE','FALSE',70,'OBSU'),('P_EMMAX_FE_IV','FALSE','FALSE','P_EMMAX_FE_IV','FLOAT','TRUE','TRUE',11,'P_VALUE'),('P_EMMAX','FALSE','FALSE','P_EMMAX','FLOAT','TRUE','TRUE',16,'P_VALUE'),('P_EMMAX_FE_IV_26k','FALSE','FALSE','P_EMMAX_FE_IV_26k','FLOAT','FALSE','FALSE',12,'P_VALUE'),('P_EMMAX_FE_IV_17k','FALSE','FALSE','P_EMMAX_FE_IV_17k','FLOAT','FALSE','FALSE',13,'P_VALUE'),('P_EMMAX_26k','FALSE','FALSE','P_EMMAX_26k','FLOAT','FALSE','FALSE',17,'P_VALUE'),('P_FE_INV','FALSE','FALSE','P_FE_INV','FLOAT','TRUE','TRUE',14,'P_VALUE'),('N_PH','FALSE','FALSE','N_PH','INTEGER','FALSE','FALSE',40,'N_PH'),('EAC_PH','FALSE','FALSE','EAC_PH','FLOAT','TRUE','TRUE',40,'EAC_PH'),('MAC_PH','FALSE','FALSE','MAC_PH','FLOAT','TRUE','TRUE',40,'MAC_PH'),('OR_WALD_DOS_FE_IV','FALSE','FALSE','OR_WALD_DOS_FE_IV','FLOAT','TRUE','TRUE',20,'ODDS_RATIO'),('OR_WALD_DOS','FALSE','FALSE','OR_WALD_DOS','FLOAT','TRUE','TRUE',20,'ODDS_RATIO'),('OR_FISH','FALSE','FALSE','OR_FISH','FLOAT','FALSE','FALSE',20,'ODDS_RATIO'),('OR_FIRTH_FE_IV','FALSE','FALSE','OR_FIRTH_FE_IV','FLOAT','TRUE','TRUE',20,'ODDS_RATIO'),('OR_FIRTH','FALSE','FALSE','OR_FIRTH','FLOAT','TRUE','TRUE',20,'ODDS_RATIO'),('BETA','FALSE','FALSE','BETA','FLOAT','TRUE','TRUE',20,'BETA'),('DIR','FALSE','FALSE','DIR','INTEGER','FALSE','FALSE',70,'DIR'),('NEFF','FALSE','FALSE','NEFF','FLOAT','TRUE','TRUE',20,'NEFF'),('SE','FALSE','FALSE','SE','FLOAT','FALSE','FALSE',70,'SE'),('P_VALUE','FALSE','FALSE','P_VALUE','FLOAT','TRUE','TRUE',18,'P_VALUE'),('ODDS_RATIO','FALSE','FALSE','ODDS_RATIO','FLOAT','TRUE','TRUE',20,'ODDS_RATIO'),('ZSCORE','FALSE','FALSE','ZSCORE','FLOAT','TRUE','TRUE',20,'ZSCORE'),('P_FIRTH','FALSE','FALSE','P_FIRTH','FLOAT','TRUE','TRUE',15,'P_VALUE'),('P_FIRTH_FE_IV','FALSE','FALSE','P_FIRTH_FE_IV','FLOAT','TRUE','TRUE',10,'P_VALUE'),('TRUST','FALSE','FALSE','TRUST','FLOAT','FALSE','FALSE',70,'TRUST'),('TRUST_26k','FALSE','FALSE','TRUST_26k','FLOAT','FALSE','FALSE',70,'TRUST'),('TRUST_17k','FALSE','FALSE','TRUST_17k','FLOAT','FALSE','FALSE',70,'TRUST'),('OR_TRUST','FALSE','FALSE','OR_TRUST','FLOAT','FALSE','FALSE',70,'OR_TRUST'),('HWE','FALSE','TRUE','HWE','FLOAT','FALSE','FALSE',70,'HWE'),('P_MISSING','FALSE','FALSE','P_MISSING','FLOAT','FALSE','FALSE',10,'P_MISSING'),('AC','FALSE','TRUE','AC','FLOAT','TRUE','TRUE',80,'AC');
/*!40000 ALTER TABLE `PROP` ENABLE KEYS */;
UNLOCK TABLES;

--
-- Table structure for table `PROP_ID`
--

DROP TABLE IF EXISTS `PROP_ID`;
/*!40101 SET @saved_cs_client     = @@character_set_client */;
/*!40101 SET character_set_client = utf8 */;
CREATE TABLE `PROP_ID` (
  `PROP` text COLLATE utf8mb4_unicode_ci,
  `ID` text COLLATE utf8mb4_unicode_ci,
  KEY `ID` (`ID`(191))
) ENGINE=InnoDB DEFAULT CHARSET=utf8mb4 COLLATE=utf8mb4_unicode_ci;
/*!40101 SET character_set_client = @saved_cs_client */;

--
-- Dumping data for table `PROP_ID`
--

LOCK TABLES `PROP_ID` WRITE;
/*!40000 ALTER TABLE `PROP_ID` DISABLE KEYS */;
INSERT INTO `PROP_ID` VALUES ('AC','ExAC_r03_mdv1'),('AC','ExAC_r03_mdv2'),('AC','ExAC_r03_mdv5'),('EAF','1kg_phase1_aa_mdv1'),('MAF','1kg_phase1_aa_mdv1'),('EAF','1kg_phase1_aa_mdv2'),('MAF','1kg_phase1_aa_mdv2'),('EAF','1kg_phase1_aa_mdv5'),('MAF','1kg_phase1_aa_mdv5'),('EAF','1kg_phase1_eu_mdv1'),('MAF','1kg_phase1_eu_mdv1'),('EAF','1kg_phase1_eu_mdv2'),('MAF','1kg_phase1_eu_mdv2'),('EAF','1kg_phase1_eu_mdv5'),('MAF','1kg_phase1_eu_mdv5'),('EAF','1kg_phase1_hs_mdv1'),('MAF','1kg_phase1_hs_mdv1'),('EAF','1kg_phase1_hs_mdv2'),('MAF','1kg_phase1_hs_mdv2'),('EAF','1kg_phase1_hs_mdv5'),('MAF','1kg_phase1_hs_mdv5'),('EAF','1kg_phase1_mdv1'),('MAF','1kg_phase1_mdv1'),('EAF','1kg_phase1_mdv2'),('MAF','1kg_phase1_mdv2'),('EAF','1kg_phase1_mdv5'),('MAF','1kg_phase1_mdv5'),('EAF','1kg_phase1_sa_mdv1'),('MAF','1kg_phase1_sa_mdv1'),('EAF','1kg_phase1_sa_mdv2'),('MAF','1kg_phase1_sa_mdv2'),('EAF','1kg_phase1_sa_mdv5'),('MAF','1kg_phase1_sa_mdv5'),('F_MISS','ExSeq_26k_aa_esp_mdv3'),('HWE','ExSeq_26k_aa_esp_mdv3'),('MAC','ExSeq_26k_aa_esp_mdv3'),('MAF','ExSeq_26k_aa_esp_mdv3'),('F_MISS','ExSeq_26k_aa_genes_aj_mdv3'),('HWE','ExSeq_26k_aa_genes_aj_mdv3'),('MAC','ExSeq_26k_aa_genes_aj_mdv3'),('MAF','ExSeq_26k_aa_genes_aj_mdv3'),('F_MISS','ExSeq_26k_aa_genes_aw_mdv3'),('HWE','ExSeq_26k_aa_genes_aw_mdv3'),('MAC','ExSeq_26k_aa_genes_aw_mdv3'),('MAF','ExSeq_26k_aa_genes_aw_mdv3'),('F_MISS','ExSeq_26k_aa_genes_mdv3'),('HWE','ExSeq_26k_aa_genes_mdv3'),('MAC','ExSeq_26k_aa_genes_mdv3'),('MAF','ExSeq_26k_aa_genes_mdv3'),('F_MISS','ExSeq_26k_aa_mdv3'),('HWE','ExSeq_26k_aa_mdv3'),('MAC','ExSeq_26k_aa_mdv3'),('MAF','ExSeq_26k_aa_mdv3'),('F_MISS','ExSeq_26k_ea_genes_ek_mdv3'),('HWE','ExSeq_26k_ea_genes_ek_mdv3'),('MAC','ExSeq_26k_ea_genes_ek_mdv3'),('MAF','ExSeq_26k_ea_genes_ek_mdv3'),('F_MISS','ExSeq_26k_ea_genes_es_mdv3'),('HWE','ExSeq_26k_ea_genes_es_mdv3'),('MAC','ExSeq_26k_ea_genes_es_mdv3'),('MAF','ExSeq_26k_ea_genes_es_mdv3'),('F_MISS','ExSeq_26k_ea_genes_mdv3'),('HWE','ExSeq_26k_ea_genes_mdv3'),('MAC','ExSeq_26k_ea_genes_mdv3'),('MAF','ExSeq_26k_ea_genes_mdv3'),('F_MISS','ExSeq_26k_eu_esp_mdv3'),('HWE','ExSeq_26k_eu_esp_mdv3'),('MAC','ExSeq_26k_eu_esp_mdv3'),('MAF','ExSeq_26k_eu_esp_mdv3'),('F_MISS','ExSeq_26k_eu_genes_mdv3'),('HWE','ExSeq_26k_eu_genes_mdv3'),('MAC','ExSeq_26k_eu_genes_mdv3'),('MAF','ExSeq_26k_eu_genes_mdv3'),('F_MISS','ExSeq_26k_eu_genes_ua_mdv3'),('HWE','ExSeq_26k_eu_genes_ua_mdv3'),('MAC','ExSeq_26k_eu_genes_ua_mdv3'),('MAF','ExSeq_26k_eu_genes_ua_mdv3'),('F_MISS','ExSeq_26k_eu_genes_um_mdv3'),('HWE','ExSeq_26k_eu_genes_um_mdv3'),('MAC','ExSeq_26k_eu_genes_um_mdv3'),('MAF','ExSeq_26k_eu_genes_um_mdv3'),('F_MISS','ExSeq_26k_eu_go_mdv3'),('HWE','ExSeq_26k_eu_go_mdv3'),('MAC','ExSeq_26k_eu_go_mdv3'),('MAF','ExSeq_26k_eu_go_mdv3'),('F_MISS','ExSeq_26k_eu_lucamp_mdv3'),('HWE','ExSeq_26k_eu_lucamp_mdv3'),('MAC','ExSeq_26k_eu_lucamp_mdv3'),('MAF','ExSeq_26k_eu_lucamp_mdv3'),('F_MISS','ExSeq_26k_eu_mdv3'),('HWE','ExSeq_26k_eu_mdv3'),('MAC','ExSeq_26k_eu_mdv3'),('MAF','ExSeq_26k_eu_mdv3'),('F_MISS','ExSeq_26k_hs_genes_ha_mdv3'),('HWE','ExSeq_26k_hs_genes_ha_mdv3'),('MAC','ExSeq_26k_hs_genes_ha_mdv3'),('MAF','ExSeq_26k_hs_genes_ha_mdv3'),('F_MISS','ExSeq_26k_hs_genes_hs_mdv3'),('HWE','ExSeq_26k_hs_genes_hs_mdv3'),('MAC','ExSeq_26k_hs_genes_hs_mdv3'),('MAF','ExSeq_26k_hs_genes_hs_mdv3'),('F_MISS','ExSeq_26k_hs_genes_mdv3'),('HWE','ExSeq_26k_hs_genes_mdv3'),('MAC','ExSeq_26k_hs_genes_mdv3'),('MAF','ExSeq_26k_hs_genes_mdv3'),('F_MISS','ExSeq_26k_hs_mdv3'),('HWE','ExSeq_26k_hs_mdv3'),('MAC','ExSeq_26k_hs_mdv3'),('MAF','ExSeq_26k_hs_mdv3'),('F_MISS','ExSeq_26k_hs_sigma_mdv3'),('HWE','ExSeq_26k_hs_sigma_mdv3'),('MAC','ExSeq_26k_hs_sigma_mdv3'),('MAF','ExSeq_26k_hs_sigma_mdv3'),('F_MISS','ExSeq_26k_hs_sigma_mec_mdv3'),('HWE','ExSeq_26k_hs_sigma_mec_mdv3'),('MAC','ExSeq_26k_hs_sigma_mec_mdv3'),('MAF','ExSeq_26k_hs_sigma_mec_mdv3'),('F_MISS','ExSeq_26k_hs_sigma_mexb1_mdv3'),('HWE','ExSeq_26k_hs_sigma_mexb1_mdv3'),('MAC','ExSeq_26k_hs_sigma_mexb1_mdv3'),('MAF','ExSeq_26k_hs_sigma_mexb1_mdv3'),('F_MISS','ExSeq_26k_hs_sigma_mexb2_mdv3'),('HWE','ExSeq_26k_hs_sigma_mexb2_mdv3'),('MAC','ExSeq_26k_hs_sigma_mexb2_mdv3'),('MAF','ExSeq_26k_hs_sigma_mexb2_mdv3'),('F_MISS','ExSeq_26k_hs_sigma_mexb3_mdv3'),('HWE','ExSeq_26k_hs_sigma_mexb3_mdv3'),('MAC','ExSeq_26k_hs_sigma_mexb3_mdv3'),('MAF','ExSeq_26k_hs_sigma_mexb3_mdv3'),('F_MISS','ExSeq_26k_mdv3'),('GENO_26k','ExSeq_26k_mdv3'),('HWE','ExSeq_26k_mdv3'),('MAC','ExSeq_26k_mdv3'),('MAF','ExSeq_26k_mdv3'),('F_MISS','ExSeq_26k_sa_genes_mdv3'),('HWE','ExSeq_26k_sa_genes_mdv3'),('MAC','ExSeq_26k_sa_genes_mdv3'),('MAF','ExSeq_26k_sa_genes_mdv3'),('F_MISS','ExSeq_26k_sa_genes_sl_mdv3'),('HWE','ExSeq_26k_sa_genes_sl_mdv3'),('MAC','ExSeq_26k_sa_genes_sl_mdv3'),('MAF','ExSeq_26k_sa_genes_sl_mdv3'),('F_MISS','ExSeq_26k_sa_genes_ss_mdv3'),('HWE','ExSeq_26k_sa_genes_ss_mdv3'),('MAC','ExSeq_26k_sa_genes_ss_mdv3'),('MAF','ExSeq_26k_sa_genes_ss_mdv3'),('F_MISS','ExSeq_17k_aa_genes_aj_mdv2'),('HWE','ExSeq_17k_aa_genes_aj_mdv2'),('MAC','ExSeq_17k_aa_genes_aj_mdv2'),('MAF','ExSeq_17k_aa_genes_aj_mdv2'),('F_MISS','ExSeq_17k_aa_genes_aw_mdv2'),('HWE','ExSeq_17k_aa_genes_aw_mdv2'),('MAC','ExSeq_17k_aa_genes_aw_mdv2'),('MAF','ExSeq_17k_aa_genes_aw_mdv2'),('F_MISS','ExSeq_17k_aa_genes_mdv2'),('HWE','ExSeq_17k_aa_genes_mdv2'),('MAC','ExSeq_17k_aa_genes_mdv2'),('MAF','ExSeq_17k_aa_genes_mdv2'),('F_MISS','ExSeq_17k_ea_genes_ek_mdv2'),('HWE','ExSeq_17k_ea_genes_ek_mdv2'),('MAC','ExSeq_17k_ea_genes_ek_mdv2'),('MAF','ExSeq_17k_ea_genes_ek_mdv2'),('F_MISS','ExSeq_17k_ea_genes_es_mdv2'),('HWE','ExSeq_17k_ea_genes_es_mdv2'),('MAC','ExSeq_17k_ea_genes_es_mdv2'),('MAF','ExSeq_17k_ea_genes_es_mdv2'),('F_MISS','ExSeq_17k_ea_genes_mdv2'),('HWE','ExSeq_17k_ea_genes_mdv2'),('MAC','ExSeq_17k_ea_genes_mdv2'),('MAF','ExSeq_17k_ea_genes_mdv2'),('F_MISS','ExSeq_17k_eu_genes_mdv2'),('HWE','ExSeq_17k_eu_genes_mdv2'),('MAC','ExSeq_17k_eu_genes_mdv2'),('MAF','ExSeq_17k_eu_genes_mdv2'),('F_MISS','ExSeq_17k_eu_genes_ua_mdv2'),('HWE','ExSeq_17k_eu_genes_ua_mdv2'),('MAC','ExSeq_17k_eu_genes_ua_mdv2'),('MAF','ExSeq_17k_eu_genes_ua_mdv2'),('F_MISS','ExSeq_17k_eu_genes_um_mdv2'),('HWE','ExSeq_17k_eu_genes_um_mdv2'),('MAC','ExSeq_17k_eu_genes_um_mdv2'),('MAF','ExSeq_17k_eu_genes_um_mdv2'),('F_MISS','ExSeq_17k_eu_go_mdv2'),('HWE','ExSeq_17k_eu_go_mdv2'),('MAC','ExSeq_17k_eu_go_mdv2'),('MAF','ExSeq_17k_eu_go_mdv2'),('F_MISS','ExSeq_17k_eu_mdv2'),('HWE','ExSeq_17k_eu_mdv2'),('MAC','ExSeq_17k_eu_mdv2'),('MAF','ExSeq_17k_eu_mdv2'),('F_MISS','ExSeq_17k_hs_genes_ha_mdv2'),('HWE','ExSeq_17k_hs_genes_ha_mdv2'),('MAC','ExSeq_17k_hs_genes_ha_mdv2'),('MAF','ExSeq_17k_hs_genes_ha_mdv2'),('F_MISS','ExSeq_17k_hs_genes_hs_mdv2'),('HWE','ExSeq_17k_hs_genes_hs_mdv2'),('MAC','ExSeq_17k_hs_genes_hs_mdv2'),('MAF','ExSeq_17k_hs_genes_hs_mdv2'),('F_MISS','ExSeq_17k_hs_genes_mdv2'),('HWE','ExSeq_17k_hs_genes_mdv2'),('MAC','ExSeq_17k_hs_genes_mdv2'),('MAF','ExSeq_17k_hs_genes_mdv2'),('F_MISS','ExSeq_17k_hs_mdv2'),('HWE','ExSeq_17k_hs_mdv2'),('MAC','ExSeq_17k_hs_mdv2'),('MAF','ExSeq_17k_hs_mdv2'),('F_MISS','ExSeq_17k_hs_sigma_mdv2'),('HWE','ExSeq_17k_hs_sigma_mdv2'),('MAC','ExSeq_17k_hs_sigma_mdv2'),('MAF','ExSeq_17k_hs_sigma_mdv2'),('F_MISS','ExSeq_17k_hs_sigma_mec_mdv2'),('HWE','ExSeq_17k_hs_sigma_mec_mdv2'),('MAC','ExSeq_17k_hs_sigma_mec_mdv2'),('MAF','ExSeq_17k_hs_sigma_mec_mdv2'),('F_MISS','ExSeq_17k_hs_sigma_mexb1_mdv2'),('HWE','ExSeq_17k_hs_sigma_mexb1_mdv2'),('MAC','ExSeq_17k_hs_sigma_mexb1_mdv2'),('MAF','ExSeq_17k_hs_sigma_mexb1_mdv2'),('F_MISS','ExSeq_17k_hs_sigma_mexb2_mdv2'),('HWE','ExSeq_17k_hs_sigma_mexb2_mdv2'),('MAC','ExSeq_17k_hs_sigma_mexb2_mdv2'),('MAF','ExSeq_17k_hs_sigma_mexb2_mdv2'),('F_MISS','ExSeq_17k_hs_sigma_mexb3_mdv2'),('HWE','ExSeq_17k_hs_sigma_mexb3_mdv2'),('MAC','ExSeq_17k_hs_sigma_mexb3_mdv2'),('MAF','ExSeq_17k_hs_sigma_mexb3_mdv2'),('FMISS_17k','ExSeq_17k_mdv2'),('F_MISS','ExSeq_17k_mdv2'),('HWE','ExSeq_17k_mdv2'),('MAC','ExSeq_17k_mdv2'),('MAF','ExSeq_17k_mdv2'),('F_MISS','ExSeq_17k_sa_genes_mdv2'),('HWE','ExSeq_17k_sa_genes_mdv2'),('MAC','ExSeq_17k_sa_genes_mdv2'),('MAF','ExSeq_17k_sa_genes_mdv2'),('F_MISS','ExSeq_17k_sa_genes_sl_mdv2'),('HWE','ExSeq_17k_sa_genes_sl_mdv2'),('MAC','ExSeq_17k_sa_genes_sl_mdv2'),('MAF','ExSeq_17k_sa_genes_sl_mdv2'),('F_MISS','ExSeq_17k_sa_genes_ss_mdv2'),('HWE','ExSeq_17k_sa_genes_ss_mdv2'),('MAC','ExSeq_17k_sa_genes_ss_mdv2'),('MAF','ExSeq_17k_sa_genes_ss_mdv2'),('F_MISS','ExSeq_13k_aa_genes_mdv1'),('MAC','ExSeq_13k_aa_genes_mdv1'),('MAF','ExSeq_13k_aa_genes_mdv1'),('QCFAIL','ExSeq_13k_aa_genes_mdv1'),('F_MISS','ExSeq_13k_ea_genes_mdv1'),('MAC','ExSeq_13k_ea_genes_mdv1'),('MAF','ExSeq_13k_ea_genes_mdv1'),('QCFAIL','ExSeq_13k_ea_genes_mdv1'),('F_MISS','ExSeq_13k_eu_genes_mdv1'),('MAC','ExSeq_13k_eu_genes_mdv1'),('MAF','ExSeq_13k_eu_genes_mdv1'),('QCFAIL','ExSeq_13k_eu_genes_mdv1'),('F_MISS','ExSeq_13k_eu_go_mdv1'),('MAC','ExSeq_13k_eu_go_mdv1'),('MAF','ExSeq_13k_eu_go_mdv1'),('QCFAIL','ExSeq_13k_eu_go_mdv1'),('F_MISS','ExSeq_13k_eu_mdv1'),('MAC','ExSeq_13k_eu_mdv1'),('MAF','ExSeq_13k_eu_mdv1'),('QCFAIL','ExSeq_13k_eu_mdv1'),('F_MISS','ExSeq_13k_hs_genes_mdv1'),('MAC','ExSeq_13k_hs_genes_mdv1'),('MAF','ExSeq_13k_hs_genes_mdv1'),('QCFAIL','ExSeq_13k_hs_genes_mdv1'),('F_MISS','ExSeq_13k_mdv1'),('MAC','ExSeq_13k_mdv1'),('MAF','ExSeq_13k_mdv1'),('QCFAIL','ExSeq_13k_mdv1'),('F_MISS','ExSeq_13k_sa_genes_mdv1'),('MAC','ExSeq_13k_sa_genes_mdv1'),('MAF','ExSeq_13k_sa_genes_mdv1'),('QCFAIL','ExSeq_13k_sa_genes_mdv1'),('MAF','WGS_GoT2D_mdv1'),('MAF','WGS_GoT2D_mdv2'),('MAF','WGS_GoT2D_mdv3'),('MAF','WGS_GoT2Dimputed_mdv1'),('MAF','WGS_GoT2Dimputed_mdv2'),('MAF','WGS_GoT2Dimputed_mdv3'),('MAF','ExChip_82k_mdv1'),('MAF','ExChip_82k_mdv2'),('F_MISS','ExChip_SIGMA1_mdv1'),('HWE','ExChip_SIGMA1_mdv1'),('MAC','ExChip_SIGMA1_mdv1'),('MAF','ExChip_SIGMA1_mdv1'),('F_MISS','ExChip_SIGMA1_mdv2'),('HWE','ExChip_SIGMA1_mdv2'),('MAC','ExChip_SIGMA1_mdv2'),('MAF','ExChip_SIGMA1_mdv2'),('MAF','GWAS_70kForT2D_chrXfemales_mdv4'),('MAF','GWAS_70kForT2D_chrXmales_mdv4'),('MAF','GWAS_70kForT2D_mdv4'),('MAF','GWAS_70kForT2D_noDIAGRAM_mdv4'),('EAF','GWAS_CARDIoGRAM_mdv1'),('MAF','GWAS_CARDIoGRAM_mdv1'),('MAF','GWAS_CARDIoGRAM_mdv2'),('MAF','GWAS_CARDIoGRAM_mdv5'),('EAF','GWAS_CKDGenConsortium_mdv1'),('MAF','GWAS_CKDGenConsortium_mdv1'),('EAF','GWAS_CKDGenConsortium_mdv2'),('MAF','GWAS_CKDGenConsortium_mdv2'),('EAF','GWAS_CKDGenConsortium_mdv5'),('MAF','GWAS_CKDGenConsortium_mdv5'),('EAF','GWAS_GIANT_mdv1'),('MAF','GWAS_GIANT_mdv1'),('MAF','GWAS_GIANT_mdv2'),('MAF','GWAS_GIANT_mdv5'),('EAF','GWAS_MAGIC_mdv1'),('MAF','GWAS_MAGIC_mdv1'),('EAF','GWAS_MAGIC_mdv2'),('MAF','GWAS_MAGIC_mdv2'),('EAF','GWAS_MAGIC_mdv5'),('MAF','GWAS_MAGIC_mdv5'),('MAF','GWAS_MetaStroke_mdv5'),('EAF','GWAS_PGC_mdv1'),('MAF','GWAS_PGC_mdv1'),('EAF','GWAS_PGC_mdv2'),('MAF','GWAS_PGC_mdv2'),('EAF','GWAS_PGC_mdv5'),('MAF','GWAS_PGC_mdv5'),('IMP_QC','GWAS_SIGMA1_mdv1'),('MAF','GWAS_SIGMA1_mdv1'),('IMP_QC','GWAS_SIGMA1_mdv2'),('MAF','GWAS_SIGMA1_mdv2'),('MAF','GWAS_Stroke_europe_mdv5'),('MAF','GWAS_Stroke_gerfhs_mdv5'),('MAF','GWAS_Stroke_gocha_mdv5'),('MAF','GWAS_Stroke_mdv5'),('CHROM','common_dv1'),('CLOSEST_GENE','common_dv1'),('Condel_PRED','common_dv1'),('Consequence','common_dv1'),('DBSNP_ID','common_dv1'),('Effect_Allele','common_dv1'),('GENE','common_dv1'),('MOST_DEL_SCORE','common_dv1'),('POS','common_dv1'),('PolyPhen_PRED','common_dv1'),('Protein_change','common_dv1'),('Reference_Allele','common_dv1'),('SIFT_PRED','common_dv1'),('TRANSCRIPT_ANNOT','common_dv1'),('VAR_ID','common_dv1');
/*!40000 ALTER TABLE `PROP_ID` ENABLE KEYS */;
UNLOCK TABLES;

--
-- Table structure for table `PROP_ID_PH`
--

DROP TABLE IF EXISTS `PROP_ID_PH`;
/*!40101 SET @saved_cs_client     = @@character_set_client */;
/*!40101 SET character_set_client = utf8 */;
CREATE TABLE `PROP_ID_PH` (
  `PROP` text COLLATE utf8mb4_unicode_ci,
  `ID` text COLLATE utf8mb4_unicode_ci,
  `PH` text COLLATE utf8mb4_unicode_ci,
  `TRUST_COL` text COLLATE utf8mb4_unicode_ci,
  KEY `ID` (`ID`(191))
) ENGINE=InnoDB DEFAULT CHARSET=utf8mb4 COLLATE=utf8mb4_unicode_ci;
/*!40101 SET character_set_client = @saved_cs_client */;

--
-- Dumping data for table `PROP_ID_PH`
--

LOCK TABLES `PROP_ID_PH` WRITE;
/*!40000 ALTER TABLE `PROP_ID_PH` DISABLE KEYS */;
INSERT INTO `PROP_ID_PH` VALUES ('HETA','ExSeq_26k_aa_esp_mdv3','T2D','NULL'),('HETU','ExSeq_26k_aa_esp_mdv3','T2D','NULL'),('HOMA','ExSeq_26k_aa_esp_mdv3','T2D','NULL'),('HOMU','ExSeq_26k_aa_esp_mdv3','T2D','NULL'),('MINA','ExSeq_26k_aa_esp_mdv3','T2D','NULL'),('MINU','ExSeq_26k_aa_esp_mdv3','T2D','NULL'),('OBSA','ExSeq_26k_aa_esp_mdv3','T2D','NULL'),('OBSU','ExSeq_26k_aa_esp_mdv3','T2D','NULL'),('OR_FIRTH','ExSeq_26k_aa_esp_mdv3','T2D','OR_TRUST_26k'),('OR_TRUST','ExSeq_26k_aa_esp_mdv3','T2D','OR_TRUST_26k'),('P_EMMAX_26k','ExSeq_26k_aa_esp_mdv3','T2D','TRUST_26k'),('P_FIRTH','ExSeq_26k_aa_esp_mdv3','T2D','TRUST_26k'),('P_MISSING','ExSeq_26k_aa_esp_mdv3','T2D','TRUST_26k'),('HETA','ExSeq_26k_aa_genes_aj_mdv3','T2D','NULL'),('HETU','ExSeq_26k_aa_genes_aj_mdv3','T2D','NULL'),('HOMA','ExSeq_26k_aa_genes_aj_mdv3','T2D','NULL'),('HOMU','ExSeq_26k_aa_genes_aj_mdv3','T2D','NULL'),('MINA','ExSeq_26k_aa_genes_aj_mdv3','T2D','NULL'),('MINU','ExSeq_26k_aa_genes_aj_mdv3','T2D','NULL'),('OBSA','ExSeq_26k_aa_genes_aj_mdv3','T2D','NULL'),('OBSU','ExSeq_26k_aa_genes_aj_mdv3','T2D','NULL'),('OR_FIRTH','ExSeq_26k_aa_genes_aj_mdv3','T2D','OR_TRUST_26k'),('OR_TRUST','ExSeq_26k_aa_genes_aj_mdv3','T2D','OR_TRUST_26k'),('P_EMMAX_26k','ExSeq_26k_aa_genes_aj_mdv3','T2D','TRUST_26k'),('P_FIRTH','ExSeq_26k_aa_genes_aj_mdv3','T2D','TRUST_26k'),('P_MISSING','ExSeq_26k_aa_genes_aj_mdv3','T2D','TRUST_26k'),('HETA','ExSeq_26k_aa_genes_aw_mdv3','T2D','NULL'),('HETU','ExSeq_26k_aa_genes_aw_mdv3','T2D','NULL'),('HOMA','ExSeq_26k_aa_genes_aw_mdv3','T2D','NULL'),('HOMU','ExSeq_26k_aa_genes_aw_mdv3','T2D','NULL'),('MINA','ExSeq_26k_aa_genes_aw_mdv3','T2D','NULL'),('MINU','ExSeq_26k_aa_genes_aw_mdv3','T2D','NULL'),('OBSA','ExSeq_26k_aa_genes_aw_mdv3','T2D','NULL'),('OBSU','ExSeq_26k_aa_genes_aw_mdv3','T2D','NULL'),('OR_FIRTH','ExSeq_26k_aa_genes_aw_mdv3','T2D','OR_TRUST_26k'),('OR_TRUST','ExSeq_26k_aa_genes_aw_mdv3','T2D','OR_TRUST_26k'),('P_EMMAX_26k','ExSeq_26k_aa_genes_aw_mdv3','T2D','TRUST_26k'),('P_FIRTH','ExSeq_26k_aa_genes_aw_mdv3','T2D','TRUST_26k'),('P_MISSING','ExSeq_26k_aa_genes_aw_mdv3','T2D','TRUST_26k'),('HETA','ExSeq_26k_aa_genes_mdv3','T2D','NULL'),('HETU','ExSeq_26k_aa_genes_mdv3','T2D','NULL'),('HOMA','ExSeq_26k_aa_genes_mdv3','T2D','NULL'),('HOMU','ExSeq_26k_aa_genes_mdv3','T2D','NULL'),('MINA','ExSeq_26k_aa_genes_mdv3','T2D','NULL'),('MINU','ExSeq_26k_aa_genes_mdv3','T2D','NULL'),('OBSA','ExSeq_26k_aa_genes_mdv3','T2D','NULL'),('OBSU','ExSeq_26k_aa_genes_mdv3','T2D','NULL'),('OR_FIRTH_FE_IV','ExSeq_26k_aa_genes_mdv3','T2D','OR_TRUST_26k'),('OR_TRUST','ExSeq_26k_aa_genes_mdv3','T2D','OR_TRUST_26k'),('P_EMMAX_FE_IV_26k','ExSeq_26k_aa_genes_mdv3','T2D','TRUST_26k'),('P_FIRTH_FE_IV','ExSeq_26k_aa_genes_mdv3','T2D','TRUST_26k'),('P_MISSING','ExSeq_26k_aa_genes_mdv3','T2D','TRUST_26k'),('HETA','ExSeq_26k_aa_mdv3','T2D','NULL'),('HETU','ExSeq_26k_aa_mdv3','T2D','NULL'),('HOMA','ExSeq_26k_aa_mdv3','T2D','NULL'),('HOMU','ExSeq_26k_aa_mdv3','T2D','NULL'),('MINA','ExSeq_26k_aa_mdv3','T2D','NULL'),('MINU','ExSeq_26k_aa_mdv3','T2D','NULL'),('OBSA','ExSeq_26k_aa_mdv3','T2D','NULL'),('OBSU','ExSeq_26k_aa_mdv3','T2D','NULL'),('OR_FIRTH_FE_IV','ExSeq_26k_aa_mdv3','T2D','OR_TRUST_26k'),('OR_TRUST','ExSeq_26k_aa_mdv3','T2D','OR_TRUST_26k'),('P_EMMAX_FE_IV_26k','ExSeq_26k_aa_mdv3','T2D','TRUST_26k'),('P_FIRTH_FE_IV','ExSeq_26k_aa_mdv3','T2D','TRUST_26k'),('P_MISSING','ExSeq_26k_aa_mdv3','T2D','TRUST_26k'),('HETA','ExSeq_26k_ea_genes_ek_mdv3','T2D','NULL'),('HETU','ExSeq_26k_ea_genes_ek_mdv3','T2D','NULL'),('HOMA','ExSeq_26k_ea_genes_ek_mdv3','T2D','NULL'),('HOMU','ExSeq_26k_ea_genes_ek_mdv3','T2D','NULL'),('MINA','ExSeq_26k_ea_genes_ek_mdv3','T2D','NULL'),('MINU','ExSeq_26k_ea_genes_ek_mdv3','T2D','NULL'),('OBSA','ExSeq_26k_ea_genes_ek_mdv3','T2D','NULL'),('OBSU','ExSeq_26k_ea_genes_ek_mdv3','T2D','NULL'),('OR_FIRTH','ExSeq_26k_ea_genes_ek_mdv3','T2D','OR_TRUST_26k'),('OR_TRUST','ExSeq_26k_ea_genes_ek_mdv3','T2D','OR_TRUST_26k'),('P_EMMAX_26k','ExSeq_26k_ea_genes_ek_mdv3','T2D','TRUST_26k'),('P_FIRTH','ExSeq_26k_ea_genes_ek_mdv3','T2D','TRUST_26k'),('P_MISSING','ExSeq_26k_ea_genes_ek_mdv3','T2D','TRUST_26k'),('HETA','ExSeq_26k_ea_genes_es_mdv3','T2D','NULL'),('HETU','ExSeq_26k_ea_genes_es_mdv3','T2D','NULL'),('HOMA','ExSeq_26k_ea_genes_es_mdv3','T2D','NULL'),('HOMU','ExSeq_26k_ea_genes_es_mdv3','T2D','NULL'),('MINA','ExSeq_26k_ea_genes_es_mdv3','T2D','NULL'),('MINU','ExSeq_26k_ea_genes_es_mdv3','T2D','NULL'),('OBSA','ExSeq_26k_ea_genes_es_mdv3','T2D','NULL'),('OBSU','ExSeq_26k_ea_genes_es_mdv3','T2D','NULL'),('OR_FIRTH','ExSeq_26k_ea_genes_es_mdv3','T2D','OR_TRUST_26k'),('OR_TRUST','ExSeq_26k_ea_genes_es_mdv3','T2D','OR_TRUST_26k'),('P_EMMAX_26k','ExSeq_26k_ea_genes_es_mdv3','T2D','TRUST_26k'),('P_FIRTH','ExSeq_26k_ea_genes_es_mdv3','T2D','TRUST_26k'),('P_MISSING','ExSeq_26k_ea_genes_es_mdv3','T2D','TRUST_26k'),('HETA','ExSeq_26k_ea_genes_mdv3','T2D','NULL'),('HETU','ExSeq_26k_ea_genes_mdv3','T2D','NULL'),('HOMA','ExSeq_26k_ea_genes_mdv3','T2D','NULL'),('HOMU','ExSeq_26k_ea_genes_mdv3','T2D','NULL'),('MINA','ExSeq_26k_ea_genes_mdv3','T2D','NULL'),('MINU','ExSeq_26k_ea_genes_mdv3','T2D','NULL'),('OBSA','ExSeq_26k_ea_genes_mdv3','T2D','NULL'),('OBSU','ExSeq_26k_ea_genes_mdv3','T2D','NULL'),('OR_FIRTH_FE_IV','ExSeq_26k_ea_genes_mdv3','T2D','OR_TRUST_26k'),('OR_TRUST','ExSeq_26k_ea_genes_mdv3','T2D','OR_TRUST_26k'),('P_EMMAX_FE_IV_26k','ExSeq_26k_ea_genes_mdv3','T2D','TRUST_26k'),('P_FIRTH_FE_IV','ExSeq_26k_ea_genes_mdv3','T2D','TRUST_26k'),('P_MISSING','ExSeq_26k_ea_genes_mdv3','T2D','TRUST_26k'),('HETA','ExSeq_26k_eu_esp_mdv3','T2D','NULL'),('HETU','ExSeq_26k_eu_esp_mdv3','T2D','NULL'),('HOMA','ExSeq_26k_eu_esp_mdv3','T2D','NULL'),('HOMU','ExSeq_26k_eu_esp_mdv3','T2D','NULL'),('MINA','ExSeq_26k_eu_esp_mdv3','T2D','NULL'),('MINU','ExSeq_26k_eu_esp_mdv3','T2D','NULL'),('OBSA','ExSeq_26k_eu_esp_mdv3','T2D','NULL'),('OBSU','ExSeq_26k_eu_esp_mdv3','T2D','NULL'),('OR_FIRTH','ExSeq_26k_eu_esp_mdv3','T2D','OR_TRUST_26k'),('OR_TRUST','ExSeq_26k_eu_esp_mdv3','T2D','OR_TRUST_26k'),('P_EMMAX_26k','ExSeq_26k_eu_esp_mdv3','T2D','TRUST_26k'),('P_FIRTH','ExSeq_26k_eu_esp_mdv3','T2D','TRUST_26k'),('P_MISSING','ExSeq_26k_eu_esp_mdv3','T2D','TRUST_26k'),('HETA','ExSeq_26k_eu_genes_mdv3','T2D','NULL'),('HETU','ExSeq_26k_eu_genes_mdv3','T2D','NULL'),('HOMA','ExSeq_26k_eu_genes_mdv3','T2D','NULL'),('HOMU','ExSeq_26k_eu_genes_mdv3','T2D','NULL'),('MINA','ExSeq_26k_eu_genes_mdv3','T2D','NULL'),('MINU','ExSeq_26k_eu_genes_mdv3','T2D','NULL'),('OBSA','ExSeq_26k_eu_genes_mdv3','T2D','NULL'),('OBSU','ExSeq_26k_eu_genes_mdv3','T2D','NULL'),('OR_FIRTH','ExSeq_26k_eu_genes_mdv3','T2D','OR_TRUST_26k'),('OR_TRUST','ExSeq_26k_eu_genes_mdv3','T2D','OR_TRUST_26k'),('P_EMMAX_26k','ExSeq_26k_eu_genes_mdv3','T2D','TRUST_26k'),('P_FIRTH','ExSeq_26k_eu_genes_mdv3','T2D','TRUST_26k'),('P_MISSING','ExSeq_26k_eu_genes_mdv3','T2D','TRUST_26k'),('HETA','ExSeq_26k_eu_genes_ua_mdv3','T2D','NULL'),('HETU','ExSeq_26k_eu_genes_ua_mdv3','T2D','NULL'),('HOMA','ExSeq_26k_eu_genes_ua_mdv3','T2D','NULL'),('HOMU','ExSeq_26k_eu_genes_ua_mdv3','T2D','NULL'),('MINA','ExSeq_26k_eu_genes_ua_mdv3','T2D','NULL'),('MINU','ExSeq_26k_eu_genes_ua_mdv3','T2D','NULL'),('OBSA','ExSeq_26k_eu_genes_ua_mdv3','T2D','NULL'),('OBSU','ExSeq_26k_eu_genes_ua_mdv3','T2D','NULL'),('OR_FIRTH','ExSeq_26k_eu_genes_ua_mdv3','T2D','OR_TRUST_26k'),('OR_TRUST','ExSeq_26k_eu_genes_ua_mdv3','T2D','OR_TRUST_26k'),('P_EMMAX_26k','ExSeq_26k_eu_genes_ua_mdv3','T2D','TRUST_26k'),('P_FIRTH','ExSeq_26k_eu_genes_ua_mdv3','T2D','TRUST_26k'),('P_MISSING','ExSeq_26k_eu_genes_ua_mdv3','T2D','TRUST_26k'),('HETA','ExSeq_26k_eu_genes_um_mdv3','T2D','NULL'),('HETU','ExSeq_26k_eu_genes_um_mdv3','T2D','NULL'),('HOMA','ExSeq_26k_eu_genes_um_mdv3','T2D','NULL'),('HOMU','ExSeq_26k_eu_genes_um_mdv3','T2D','NULL'),('MINA','ExSeq_26k_eu_genes_um_mdv3','T2D','NULL'),('MINU','ExSeq_26k_eu_genes_um_mdv3','T2D','NULL'),('OBSA','ExSeq_26k_eu_genes_um_mdv3','T2D','NULL'),('OBSU','ExSeq_26k_eu_genes_um_mdv3','T2D','NULL'),('OR_FIRTH','ExSeq_26k_eu_genes_um_mdv3','T2D','OR_TRUST_26k'),('OR_TRUST','ExSeq_26k_eu_genes_um_mdv3','T2D','OR_TRUST_26k'),('P_EMMAX_26k','ExSeq_26k_eu_genes_um_mdv3','T2D','TRUST_26k'),('P_FIRTH','ExSeq_26k_eu_genes_um_mdv3','T2D','TRUST_26k'),('P_MISSING','ExSeq_26k_eu_genes_um_mdv3','T2D','TRUST_26k'),('HETA','ExSeq_26k_eu_go_mdv3','T2D','NULL'),('HETU','ExSeq_26k_eu_go_mdv3','T2D','NULL'),('HOMA','ExSeq_26k_eu_go_mdv3','T2D','NULL'),('HOMU','ExSeq_26k_eu_go_mdv3','T2D','NULL'),('MINA','ExSeq_26k_eu_go_mdv3','T2D','NULL'),('MINU','ExSeq_26k_eu_go_mdv3','T2D','NULL'),('OBSA','ExSeq_26k_eu_go_mdv3','T2D','NULL'),('OBSU','ExSeq_26k_eu_go_mdv3','T2D','NULL'),('OR_FIRTH','ExSeq_26k_eu_go_mdv3','T2D','OR_TRUST_26k'),('OR_TRUST','ExSeq_26k_eu_go_mdv3','T2D','OR_TRUST_26k'),('P_EMMAX_26k','ExSeq_26k_eu_go_mdv3','T2D','TRUST_26k'),('P_FIRTH','ExSeq_26k_eu_go_mdv3','T2D','TRUST_26k'),('P_MISSING','ExSeq_26k_eu_go_mdv3','T2D','TRUST_26k'),('HETA','ExSeq_26k_eu_lucamp_mdv3','T2D','NULL'),('HETU','ExSeq_26k_eu_lucamp_mdv3','T2D','NULL'),('HOMA','ExSeq_26k_eu_lucamp_mdv3','T2D','NULL'),('HOMU','ExSeq_26k_eu_lucamp_mdv3','T2D','NULL'),('MINA','ExSeq_26k_eu_lucamp_mdv3','T2D','NULL'),('MINU','ExSeq_26k_eu_lucamp_mdv3','T2D','NULL'),('OBSA','ExSeq_26k_eu_lucamp_mdv3','T2D','NULL'),('OBSU','ExSeq_26k_eu_lucamp_mdv3','T2D','NULL'),('OR_FIRTH','ExSeq_26k_eu_lucamp_mdv3','T2D','OR_TRUST_26k'),('OR_TRUST','ExSeq_26k_eu_lucamp_mdv3','T2D','OR_TRUST_26k'),('P_EMMAX_26k','ExSeq_26k_eu_lucamp_mdv3','T2D','TRUST_26k'),('P_FIRTH','ExSeq_26k_eu_lucamp_mdv3','T2D','TRUST_26k'),('P_MISSING','ExSeq_26k_eu_lucamp_mdv3','T2D','TRUST_26k'),('HETA','ExSeq_26k_eu_mdv3','T2D','NULL'),('HETU','ExSeq_26k_eu_mdv3','T2D','NULL'),('HOMA','ExSeq_26k_eu_mdv3','T2D','NULL'),('HOMU','ExSeq_26k_eu_mdv3','T2D','NULL'),('MINA','ExSeq_26k_eu_mdv3','T2D','NULL'),('MINU','ExSeq_26k_eu_mdv3','T2D','NULL'),('OBSA','ExSeq_26k_eu_mdv3','T2D','NULL'),('OBSU','ExSeq_26k_eu_mdv3','T2D','NULL'),('OR_FIRTH_FE_IV','ExSeq_26k_eu_mdv3','T2D','OR_TRUST_26k'),('OR_TRUST','ExSeq_26k_eu_mdv3','T2D','OR_TRUST_26k'),('P_EMMAX_FE_IV_26k','ExSeq_26k_eu_mdv3','T2D','TRUST_26k'),('P_FIRTH_FE_IV','ExSeq_26k_eu_mdv3','T2D','TRUST_26k'),('P_MISSING','ExSeq_26k_eu_mdv3','T2D','TRUST_26k'),('HETA','ExSeq_26k_hs_genes_ha_mdv3','T2D','NULL'),('HETU','ExSeq_26k_hs_genes_ha_mdv3','T2D','NULL'),('HOMA','ExSeq_26k_hs_genes_ha_mdv3','T2D','NULL'),('HOMU','ExSeq_26k_hs_genes_ha_mdv3','T2D','NULL'),('MINA','ExSeq_26k_hs_genes_ha_mdv3','T2D','NULL'),('MINU','ExSeq_26k_hs_genes_ha_mdv3','T2D','NULL'),('OBSA','ExSeq_26k_hs_genes_ha_mdv3','T2D','NULL'),('OBSU','ExSeq_26k_hs_genes_ha_mdv3','T2D','NULL'),('OR_FIRTH','ExSeq_26k_hs_genes_ha_mdv3','T2D','OR_TRUST_26k'),('OR_TRUST','ExSeq_26k_hs_genes_ha_mdv3','T2D','OR_TRUST_26k'),('P_EMMAX_26k','ExSeq_26k_hs_genes_ha_mdv3','T2D','TRUST_26k'),('P_FIRTH','ExSeq_26k_hs_genes_ha_mdv3','T2D','TRUST_26k'),('P_MISSING','ExSeq_26k_hs_genes_ha_mdv3','T2D','TRUST_26k'),('HETA','ExSeq_26k_hs_genes_hs_mdv3','T2D','NULL'),('HETU','ExSeq_26k_hs_genes_hs_mdv3','T2D','NULL'),('HOMA','ExSeq_26k_hs_genes_hs_mdv3','T2D','NULL'),('HOMU','ExSeq_26k_hs_genes_hs_mdv3','T2D','NULL'),('MINA','ExSeq_26k_hs_genes_hs_mdv3','T2D','NULL'),('MINU','ExSeq_26k_hs_genes_hs_mdv3','T2D','NULL'),('OBSA','ExSeq_26k_hs_genes_hs_mdv3','T2D','NULL'),('OBSU','ExSeq_26k_hs_genes_hs_mdv3','T2D','NULL'),('OR_FIRTH','ExSeq_26k_hs_genes_hs_mdv3','T2D','OR_TRUST_26k'),('OR_TRUST','ExSeq_26k_hs_genes_hs_mdv3','T2D','OR_TRUST_26k'),('P_EMMAX_26k','ExSeq_26k_hs_genes_hs_mdv3','T2D','TRUST_26k'),('P_FIRTH','ExSeq_26k_hs_genes_hs_mdv3','T2D','TRUST_26k'),('P_MISSING','ExSeq_26k_hs_genes_hs_mdv3','T2D','TRUST_26k'),('HETA','ExSeq_26k_hs_genes_mdv3','T2D','NULL'),('HETU','ExSeq_26k_hs_genes_mdv3','T2D','NULL'),('HOMA','ExSeq_26k_hs_genes_mdv3','T2D','NULL'),('HOMU','ExSeq_26k_hs_genes_mdv3','T2D','NULL'),('MINA','ExSeq_26k_hs_genes_mdv3','T2D','NULL'),('MINU','ExSeq_26k_hs_genes_mdv3','T2D','NULL'),('OBSA','ExSeq_26k_hs_genes_mdv3','T2D','NULL'),('OBSU','ExSeq_26k_hs_genes_mdv3','T2D','NULL'),('OR_FIRTH_FE_IV','ExSeq_26k_hs_genes_mdv3','T2D','OR_TRUST_26k'),('OR_TRUST','ExSeq_26k_hs_genes_mdv3','T2D','OR_TRUST_26k'),('P_EMMAX_FE_IV_26k','ExSeq_26k_hs_genes_mdv3','T2D','TRUST_26k'),('P_FIRTH_FE_IV','ExSeq_26k_hs_genes_mdv3','T2D','TRUST_26k'),('P_MISSING','ExSeq_26k_hs_genes_mdv3','T2D','TRUST_26k'),('HETA','ExSeq_26k_hs_mdv3','T2D','NULL'),('HETU','ExSeq_26k_hs_mdv3','T2D','NULL'),('HOMA','ExSeq_26k_hs_mdv3','T2D','NULL'),('HOMU','ExSeq_26k_hs_mdv3','T2D','NULL'),('MINA','ExSeq_26k_hs_mdv3','T2D','NULL'),('MINU','ExSeq_26k_hs_mdv3','T2D','NULL'),('OBSA','ExSeq_26k_hs_mdv3','T2D','NULL'),('OBSU','ExSeq_26k_hs_mdv3','T2D','NULL'),('OR_FIRTH_FE_IV','ExSeq_26k_hs_mdv3','T2D','OR_TRUST_26k'),('OR_TRUST','ExSeq_26k_hs_mdv3','T2D','OR_TRUST_26k'),('P_EMMAX_FE_IV_26k','ExSeq_26k_hs_mdv3','T2D','TRUST_26k'),('P_FIRTH_FE_IV','ExSeq_26k_hs_mdv3','T2D','TRUST_26k'),('P_MISSING','ExSeq_26k_hs_mdv3','T2D','TRUST_26k'),('HETA','ExSeq_26k_hs_sigma_mdv3','T2D','NULL'),('HETU','ExSeq_26k_hs_sigma_mdv3','T2D','NULL'),('HOMA','ExSeq_26k_hs_sigma_mdv3','T2D','NULL'),('HOMU','ExSeq_26k_hs_sigma_mdv3','T2D','NULL'),('MINA','ExSeq_26k_hs_sigma_mdv3','T2D','NULL'),('MINU','ExSeq_26k_hs_sigma_mdv3','T2D','NULL'),('OBSA','ExSeq_26k_hs_sigma_mdv3','T2D','NULL'),('OBSU','ExSeq_26k_hs_sigma_mdv3','T2D','NULL'),('OR_FIRTH','ExSeq_26k_hs_sigma_mdv3','T2D','OR_TRUST_26k'),('OR_TRUST','ExSeq_26k_hs_sigma_mdv3','T2D','OR_TRUST_26k'),('P_EMMAX_26k','ExSeq_26k_hs_sigma_mdv3','T2D','TRUST_26k'),('P_FIRTH','ExSeq_26k_hs_sigma_mdv3','T2D','TRUST_26k'),('P_MISSING','ExSeq_26k_hs_sigma_mdv3','T2D','TRUST_26k'),('HETA','ExSeq_26k_hs_sigma_mec_mdv3','T2D','NULL'),('HETU','ExSeq_26k_hs_sigma_mec_mdv3','T2D','NULL'),('HOMA','ExSeq_26k_hs_sigma_mec_mdv3','T2D','NULL'),('HOMU','ExSeq_26k_hs_sigma_mec_mdv3','T2D','NULL'),('MINA','ExSeq_26k_hs_sigma_mec_mdv3','T2D','NULL'),('MINU','ExSeq_26k_hs_sigma_mec_mdv3','T2D','NULL'),('OBSA','ExSeq_26k_hs_sigma_mec_mdv3','T2D','NULL'),('OBSU','ExSeq_26k_hs_sigma_mec_mdv3','T2D','NULL'),('OR_FIRTH','ExSeq_26k_hs_sigma_mec_mdv3','T2D','OR_TRUST_26k'),('OR_TRUST','ExSeq_26k_hs_sigma_mec_mdv3','T2D','OR_TRUST_26k'),('P_EMMAX_26k','ExSeq_26k_hs_sigma_mec_mdv3','T2D','TRUST_26k'),('P_FIRTH','ExSeq_26k_hs_sigma_mec_mdv3','T2D','TRUST_26k'),('P_MISSING','ExSeq_26k_hs_sigma_mec_mdv3','T2D','TRUST_26k'),('HETA','ExSeq_26k_hs_sigma_mexb1_mdv3','T2D','NULL'),('HETU','ExSeq_26k_hs_sigma_mexb1_mdv3','T2D','NULL'),('HOMA','ExSeq_26k_hs_sigma_mexb1_mdv3','T2D','NULL'),('HOMU','ExSeq_26k_hs_sigma_mexb1_mdv3','T2D','NULL'),('MINA','ExSeq_26k_hs_sigma_mexb1_mdv3','T2D','NULL'),('MINU','ExSeq_26k_hs_sigma_mexb1_mdv3','T2D','NULL'),('OBSA','ExSeq_26k_hs_sigma_mexb1_mdv3','T2D','NULL'),('OBSU','ExSeq_26k_hs_sigma_mexb1_mdv3','T2D','NULL'),('OR_FIRTH','ExSeq_26k_hs_sigma_mexb1_mdv3','T2D','OR_TRUST_26k'),('OR_TRUST','ExSeq_26k_hs_sigma_mexb1_mdv3','T2D','OR_TRUST_26k'),('P_EMMAX_26k','ExSeq_26k_hs_sigma_mexb1_mdv3','T2D','TRUST_26k'),('P_FIRTH','ExSeq_26k_hs_sigma_mexb1_mdv3','T2D','TRUST_26k'),('P_MISSING','ExSeq_26k_hs_sigma_mexb1_mdv3','T2D','TRUST_26k'),('HETA','ExSeq_26k_hs_sigma_mexb2_mdv3','T2D','NULL'),('HETU','ExSeq_26k_hs_sigma_mexb2_mdv3','T2D','NULL'),('HOMA','ExSeq_26k_hs_sigma_mexb2_mdv3','T2D','NULL'),('HOMU','ExSeq_26k_hs_sigma_mexb2_mdv3','T2D','NULL'),('MINA','ExSeq_26k_hs_sigma_mexb2_mdv3','T2D','NULL'),('MINU','ExSeq_26k_hs_sigma_mexb2_mdv3','T2D','NULL'),('OBSA','ExSeq_26k_hs_sigma_mexb2_mdv3','T2D','NULL'),('OBSU','ExSeq_26k_hs_sigma_mexb2_mdv3','T2D','NULL'),('OR_FIRTH','ExSeq_26k_hs_sigma_mexb2_mdv3','T2D','OR_TRUST_26k'),('OR_TRUST','ExSeq_26k_hs_sigma_mexb2_mdv3','T2D','OR_TRUST_26k'),('P_EMMAX_26k','ExSeq_26k_hs_sigma_mexb2_mdv3','T2D','TRUST_26k'),('P_FIRTH','ExSeq_26k_hs_sigma_mexb2_mdv3','T2D','TRUST_26k'),('P_MISSING','ExSeq_26k_hs_sigma_mexb2_mdv3','T2D','TRUST_26k'),('HETA','ExSeq_26k_hs_sigma_mexb3_mdv3','T2D','NULL'),('HETU','ExSeq_26k_hs_sigma_mexb3_mdv3','T2D','NULL'),('HOMA','ExSeq_26k_hs_sigma_mexb3_mdv3','T2D','NULL'),('HOMU','ExSeq_26k_hs_sigma_mexb3_mdv3','T2D','NULL'),('MINA','ExSeq_26k_hs_sigma_mexb3_mdv3','T2D','NULL'),('MINU','ExSeq_26k_hs_sigma_mexb3_mdv3','T2D','NULL'),('OBSA','ExSeq_26k_hs_sigma_mexb3_mdv3','T2D','NULL'),('OBSU','ExSeq_26k_hs_sigma_mexb3_mdv3','T2D','NULL'),('OR_FIRTH','ExSeq_26k_hs_sigma_mexb3_mdv3','T2D','OR_TRUST_26k'),('OR_TRUST','ExSeq_26k_hs_sigma_mexb3_mdv3','T2D','OR_TRUST_26k'),('P_EMMAX_26k','ExSeq_26k_hs_sigma_mexb3_mdv3','T2D','TRUST_26k'),('P_FIRTH','ExSeq_26k_hs_sigma_mexb3_mdv3','T2D','TRUST_26k'),('P_MISSING','ExSeq_26k_hs_sigma_mexb3_mdv3','T2D','TRUST_26k'),('HETA','ExSeq_26k_mdv3','T2D','NULL'),('HETU','ExSeq_26k_mdv3','T2D','NULL'),('HOMA','ExSeq_26k_mdv3','T2D','NULL'),('HOMU','ExSeq_26k_mdv3','T2D','NULL'),('MINA','ExSeq_26k_mdv3','T2D','NULL'),('MINU','ExSeq_26k_mdv3','T2D','NULL'),('OBSA','ExSeq_26k_mdv3','T2D','NULL'),('OBSU','ExSeq_26k_mdv3','T2D','NULL'),('OR_FIRTH_FE_IV','ExSeq_26k_mdv3','T2D','OR_TRUST_26k'),('OR_TRUST','ExSeq_26k_mdv3','T2D','OR_TRUST_26k'),('P_EMMAX_FE_IV_26k','ExSeq_26k_mdv3','T2D','TRUST_26k'),('P_FIRTH_FE_IV','ExSeq_26k_mdv3','T2D','TRUST_26k'),('P_MISSING','ExSeq_26k_mdv3','T2D','TRUST_26k'),('SE','ExSeq_26k_mdv3','T2D','NULL'),('HETA','ExSeq_26k_sa_genes_mdv3','T2D','NULL'),('HETU','ExSeq_26k_sa_genes_mdv3','T2D','NULL'),('HOMA','ExSeq_26k_sa_genes_mdv3','T2D','NULL'),('HOMU','ExSeq_26k_sa_genes_mdv3','T2D','NULL'),('MINA','ExSeq_26k_sa_genes_mdv3','T2D','NULL'),('MINU','ExSeq_26k_sa_genes_mdv3','T2D','NULL'),('OBSA','ExSeq_26k_sa_genes_mdv3','T2D','NULL'),('OBSU','ExSeq_26k_sa_genes_mdv3','T2D','NULL'),('OR_FIRTH_FE_IV','ExSeq_26k_sa_genes_mdv3','T2D','OR_TRUST_26k'),('OR_TRUST','ExSeq_26k_sa_genes_mdv3','T2D','OR_TRUST_26k'),('P_EMMAX_FE_IV_26k','ExSeq_26k_sa_genes_mdv3','T2D','TRUST_26k'),('P_FIRTH_FE_IV','ExSeq_26k_sa_genes_mdv3','T2D','TRUST_26k'),('P_MISSING','ExSeq_26k_sa_genes_mdv3','T2D','TRUST_26k'),('HETA','ExSeq_26k_sa_genes_sl_mdv3','T2D','NULL'),('HETU','ExSeq_26k_sa_genes_sl_mdv3','T2D','NULL'),('HOMA','ExSeq_26k_sa_genes_sl_mdv3','T2D','NULL'),('HOMU','ExSeq_26k_sa_genes_sl_mdv3','T2D','NULL'),('MINA','ExSeq_26k_sa_genes_sl_mdv3','T2D','NULL'),('MINU','ExSeq_26k_sa_genes_sl_mdv3','T2D','NULL'),('OBSA','ExSeq_26k_sa_genes_sl_mdv3','T2D','NULL'),('OBSU','ExSeq_26k_sa_genes_sl_mdv3','T2D','NULL'),('OR_FIRTH','ExSeq_26k_sa_genes_sl_mdv3','T2D','OR_TRUST_26k'),('OR_TRUST','ExSeq_26k_sa_genes_sl_mdv3','T2D','OR_TRUST_26k'),('P_EMMAX_26k','ExSeq_26k_sa_genes_sl_mdv3','T2D','TRUST_26k'),('P_FIRTH','ExSeq_26k_sa_genes_sl_mdv3','T2D','TRUST_26k'),('P_MISSING','ExSeq_26k_sa_genes_sl_mdv3','T2D','TRUST_26k'),('HETA','ExSeq_26k_sa_genes_ss_mdv3','T2D','NULL'),('HETU','ExSeq_26k_sa_genes_ss_mdv3','T2D','NULL'),('HOMA','ExSeq_26k_sa_genes_ss_mdv3','T2D','NULL'),('HOMU','ExSeq_26k_sa_genes_ss_mdv3','T2D','NULL'),('MINA','ExSeq_26k_sa_genes_ss_mdv3','T2D','NULL'),('MINU','ExSeq_26k_sa_genes_ss_mdv3','T2D','NULL'),('OBSA','ExSeq_26k_sa_genes_ss_mdv3','T2D','NULL'),('OBSU','ExSeq_26k_sa_genes_ss_mdv3','T2D','NULL'),('OR_FIRTH','ExSeq_26k_sa_genes_ss_mdv3','T2D','OR_TRUST_26k'),('OR_TRUST','ExSeq_26k_sa_genes_ss_mdv3','T2D','OR_TRUST_26k'),('P_EMMAX_26k','ExSeq_26k_sa_genes_ss_mdv3','T2D','TRUST_26k'),('P_FIRTH','ExSeq_26k_sa_genes_ss_mdv3','T2D','TRUST_26k'),('P_MISSING','ExSeq_26k_sa_genes_ss_mdv3','T2D','TRUST_26k'),('HETA','ExSeq_17k_aa_genes_aj_mdv2','T2D','NULL'),('HETU','ExSeq_17k_aa_genes_aj_mdv2','T2D','NULL'),('HOMA','ExSeq_17k_aa_genes_aj_mdv2','T2D','NULL'),('HOMU','ExSeq_17k_aa_genes_aj_mdv2','T2D','NULL'),('MINA','ExSeq_17k_aa_genes_aj_mdv2','T2D','NULL'),('MINU','ExSeq_17k_aa_genes_aj_mdv2','T2D','NULL'),('OBSA','ExSeq_17k_aa_genes_aj_mdv2','T2D','NULL'),('OBSU','ExSeq_17k_aa_genes_aj_mdv2','T2D','NULL'),('OR_FIRTH','ExSeq_17k_aa_genes_aj_mdv2','T2D','OR_TRUST_17k'),('OR_TRUST','ExSeq_17k_aa_genes_aj_mdv2','T2D','OR_TRUST_17k'),('P_EMMAX_26k','ExSeq_17k_aa_genes_aj_mdv2','T2D','TRUST_17k'),('P_FIRTH','ExSeq_17k_aa_genes_aj_mdv2','T2D','TRUST_17k'),('P_MISSING','ExSeq_17k_aa_genes_aj_mdv2','T2D','TRUST_17k'),('HETA','ExSeq_17k_aa_genes_aw_mdv2','T2D','NULL'),('HETU','ExSeq_17k_aa_genes_aw_mdv2','T2D','NULL'),('HOMA','ExSeq_17k_aa_genes_aw_mdv2','T2D','NULL'),('HOMU','ExSeq_17k_aa_genes_aw_mdv2','T2D','NULL'),('MINA','ExSeq_17k_aa_genes_aw_mdv2','T2D','NULL'),('MINU','ExSeq_17k_aa_genes_aw_mdv2','T2D','NULL'),('OBSA','ExSeq_17k_aa_genes_aw_mdv2','T2D','NULL'),('OBSU','ExSeq_17k_aa_genes_aw_mdv2','T2D','NULL'),('OR_FIRTH','ExSeq_17k_aa_genes_aw_mdv2','T2D','OR_TRUST_17k'),('OR_TRUST','ExSeq_17k_aa_genes_aw_mdv2','T2D','OR_TRUST_17k'),('P_EMMAX_26k','ExSeq_17k_aa_genes_aw_mdv2','T2D','TRUST_17k'),('P_FIRTH','ExSeq_17k_aa_genes_aw_mdv2','T2D','TRUST_17k'),('P_MISSING','ExSeq_17k_aa_genes_aw_mdv2','T2D','TRUST_17k'),('HETA','ExSeq_17k_aa_genes_mdv2','T2D','NULL'),('HETU','ExSeq_17k_aa_genes_mdv2','T2D','NULL'),('HOMA','ExSeq_17k_aa_genes_mdv2','T2D','NULL'),('HOMU','ExSeq_17k_aa_genes_mdv2','T2D','NULL'),('MINA','ExSeq_17k_aa_genes_mdv2','T2D','NULL'),('MINU','ExSeq_17k_aa_genes_mdv2','T2D','NULL'),('OBSA','ExSeq_17k_aa_genes_mdv2','T2D','NULL'),('OBSU','ExSeq_17k_aa_genes_mdv2','T2D','NULL'),('OR_FIRTH_FE_IV','ExSeq_17k_aa_genes_mdv2','T2D','OR_TRUST_17k'),('OR_TRUST','ExSeq_17k_aa_genes_mdv2','T2D','OR_TRUST_17k'),('P_EMMAX_FE_IV_26k','ExSeq_17k_aa_genes_mdv2','T2D','TRUST_17k'),('P_FIRTH_FE_IV','ExSeq_17k_aa_genes_mdv2','T2D','TRUST_17k'),('P_MISSING','ExSeq_17k_aa_genes_mdv2','T2D','TRUST_17k'),('HETA','ExSeq_17k_ea_genes_ek_mdv2','T2D','NULL'),('HETU','ExSeq_17k_ea_genes_ek_mdv2','T2D','NULL'),('HOMA','ExSeq_17k_ea_genes_ek_mdv2','T2D','NULL'),('HOMU','ExSeq_17k_ea_genes_ek_mdv2','T2D','NULL'),('MINA','ExSeq_17k_ea_genes_ek_mdv2','T2D','NULL'),('MINU','ExSeq_17k_ea_genes_ek_mdv2','T2D','NULL'),('OBSA','ExSeq_17k_ea_genes_ek_mdv2','T2D','NULL'),('OBSU','ExSeq_17k_ea_genes_ek_mdv2','T2D','NULL'),('OR_FIRTH','ExSeq_17k_ea_genes_ek_mdv2','T2D','OR_TRUST_17k'),('OR_TRUST','ExSeq_17k_ea_genes_ek_mdv2','T2D','OR_TRUST_17k'),('P_EMMAX_26k','ExSeq_17k_ea_genes_ek_mdv2','T2D','TRUST_17k'),('P_FIRTH','ExSeq_17k_ea_genes_ek_mdv2','T2D','TRUST_17k'),('P_MISSING','ExSeq_17k_ea_genes_ek_mdv2','T2D','TRUST_17k'),('HETA','ExSeq_17k_ea_genes_es_mdv2','T2D','NULL'),('HETU','ExSeq_17k_ea_genes_es_mdv2','T2D','NULL'),('HOMA','ExSeq_17k_ea_genes_es_mdv2','T2D','NULL'),('HOMU','ExSeq_17k_ea_genes_es_mdv2','T2D','NULL'),('MINA','ExSeq_17k_ea_genes_es_mdv2','T2D','NULL'),('MINU','ExSeq_17k_ea_genes_es_mdv2','T2D','NULL'),('OBSA','ExSeq_17k_ea_genes_es_mdv2','T2D','NULL'),('OBSU','ExSeq_17k_ea_genes_es_mdv2','T2D','NULL'),('OR_FIRTH','ExSeq_17k_ea_genes_es_mdv2','T2D','OR_TRUST_17k'),('OR_TRUST','ExSeq_17k_ea_genes_es_mdv2','T2D','OR_TRUST_17k'),('P_EMMAX_26k','ExSeq_17k_ea_genes_es_mdv2','T2D','TRUST_17k'),('P_FIRTH','ExSeq_17k_ea_genes_es_mdv2','T2D','TRUST_17k'),('P_MISSING','ExSeq_17k_ea_genes_es_mdv2','T2D','TRUST_17k'),('HETA','ExSeq_17k_ea_genes_mdv2','T2D','NULL'),('HETU','ExSeq_17k_ea_genes_mdv2','T2D','NULL'),('HOMA','ExSeq_17k_ea_genes_mdv2','T2D','NULL'),('HOMU','ExSeq_17k_ea_genes_mdv2','T2D','NULL'),('MINA','ExSeq_17k_ea_genes_mdv2','T2D','NULL'),('MINU','ExSeq_17k_ea_genes_mdv2','T2D','NULL'),('OBSA','ExSeq_17k_ea_genes_mdv2','T2D','NULL'),('OBSU','ExSeq_17k_ea_genes_mdv2','T2D','NULL'),('OR_FIRTH_FE_IV','ExSeq_17k_ea_genes_mdv2','T2D','OR_TRUST_17k'),('OR_TRUST','ExSeq_17k_ea_genes_mdv2','T2D','OR_TRUST_17k'),('P_EMMAX_FE_IV_26k','ExSeq_17k_ea_genes_mdv2','T2D','TRUST_17k'),('P_FIRTH_FE_IV','ExSeq_17k_ea_genes_mdv2','T2D','TRUST_17k'),('P_MISSING','ExSeq_17k_ea_genes_mdv2','T2D','TRUST_17k'),('HETA','ExSeq_17k_eu_genes_mdv2','T2D','NULL'),('HETU','ExSeq_17k_eu_genes_mdv2','T2D','NULL'),('HOMA','ExSeq_17k_eu_genes_mdv2','T2D','NULL'),('HOMU','ExSeq_17k_eu_genes_mdv2','T2D','NULL'),('MINA','ExSeq_17k_eu_genes_mdv2','T2D','NULL'),('MINU','ExSeq_17k_eu_genes_mdv2','T2D','NULL'),('OBSA','ExSeq_17k_eu_genes_mdv2','T2D','NULL'),('OBSU','ExSeq_17k_eu_genes_mdv2','T2D','NULL'),('OR_FIRTH','ExSeq_17k_eu_genes_mdv2','T2D','OR_TRUST_17k'),('OR_TRUST','ExSeq_17k_eu_genes_mdv2','T2D','OR_TRUST_17k'),('P_EMMAX_26k','ExSeq_17k_eu_genes_mdv2','T2D','TRUST_17k'),('P_FIRTH','ExSeq_17k_eu_genes_mdv2','T2D','TRUST_17k'),('P_MISSING','ExSeq_17k_eu_genes_mdv2','T2D','TRUST_17k'),('HETA','ExSeq_17k_eu_genes_ua_mdv2','T2D','NULL'),('HETU','ExSeq_17k_eu_genes_ua_mdv2','T2D','NULL'),('HOMA','ExSeq_17k_eu_genes_ua_mdv2','T2D','NULL'),('HOMU','ExSeq_17k_eu_genes_ua_mdv2','T2D','NULL'),('MINA','ExSeq_17k_eu_genes_ua_mdv2','T2D','NULL'),('MINU','ExSeq_17k_eu_genes_ua_mdv2','T2D','NULL'),('OBSA','ExSeq_17k_eu_genes_ua_mdv2','T2D','NULL'),('OBSU','ExSeq_17k_eu_genes_ua_mdv2','T2D','NULL'),('OR_FIRTH','ExSeq_17k_eu_genes_ua_mdv2','T2D','OR_TRUST_17k'),('OR_TRUST','ExSeq_17k_eu_genes_ua_mdv2','T2D','OR_TRUST_17k'),('P_EMMAX_26k','ExSeq_17k_eu_genes_ua_mdv2','T2D','TRUST_17k'),('P_FIRTH','ExSeq_17k_eu_genes_ua_mdv2','T2D','TRUST_17k'),('P_MISSING','ExSeq_17k_eu_genes_ua_mdv2','T2D','TRUST_17k'),('HETA','ExSeq_17k_eu_genes_um_mdv2','T2D','NULL'),('HETU','ExSeq_17k_eu_genes_um_mdv2','T2D','NULL'),('HOMA','ExSeq_17k_eu_genes_um_mdv2','T2D','NULL'),('HOMU','ExSeq_17k_eu_genes_um_mdv2','T2D','NULL'),('MINA','ExSeq_17k_eu_genes_um_mdv2','T2D','NULL'),('MINU','ExSeq_17k_eu_genes_um_mdv2','T2D','NULL'),('OBSA','ExSeq_17k_eu_genes_um_mdv2','T2D','NULL'),('OBSU','ExSeq_17k_eu_genes_um_mdv2','T2D','NULL'),('OR_FIRTH','ExSeq_17k_eu_genes_um_mdv2','T2D','OR_TRUST_17k'),('OR_TRUST','ExSeq_17k_eu_genes_um_mdv2','T2D','OR_TRUST_17k'),('P_EMMAX_26k','ExSeq_17k_eu_genes_um_mdv2','T2D','TRUST_17k'),('P_FIRTH','ExSeq_17k_eu_genes_um_mdv2','T2D','TRUST_17k'),('P_MISSING','ExSeq_17k_eu_genes_um_mdv2','T2D','TRUST_17k'),('HETA','ExSeq_17k_eu_go_mdv2','T2D','NULL'),('HETU','ExSeq_17k_eu_go_mdv2','T2D','NULL'),('HOMA','ExSeq_17k_eu_go_mdv2','T2D','NULL'),('HOMU','ExSeq_17k_eu_go_mdv2','T2D','NULL'),('MINA','ExSeq_17k_eu_go_mdv2','T2D','NULL'),('MINU','ExSeq_17k_eu_go_mdv2','T2D','NULL'),('OBSA','ExSeq_17k_eu_go_mdv2','T2D','NULL'),('OBSU','ExSeq_17k_eu_go_mdv2','T2D','NULL'),('OR_FIRTH','ExSeq_17k_eu_go_mdv2','T2D','OR_TRUST_17k'),('OR_TRUST','ExSeq_17k_eu_go_mdv2','T2D','OR_TRUST_17k'),('P_EMMAX_26k','ExSeq_17k_eu_go_mdv2','T2D','TRUST_17k'),('P_FIRTH','ExSeq_17k_eu_go_mdv2','T2D','TRUST_17k'),('P_MISSING','ExSeq_17k_eu_go_mdv2','T2D','TRUST_17k'),('HETA','ExSeq_17k_eu_mdv2','T2D','NULL'),('HETU','ExSeq_17k_eu_mdv2','T2D','NULL'),('HOMA','ExSeq_17k_eu_mdv2','T2D','NULL'),('HOMU','ExSeq_17k_eu_mdv2','T2D','NULL'),('MINA','ExSeq_17k_eu_mdv2','T2D','NULL'),('MINU','ExSeq_17k_eu_mdv2','T2D','NULL'),('OBSA','ExSeq_17k_eu_mdv2','T2D','NULL'),('OBSU','ExSeq_17k_eu_mdv2','T2D','NULL'),('OR_FIRTH_FE_IV','ExSeq_17k_eu_mdv2','T2D','OR_TRUST_17k'),('OR_TRUST','ExSeq_17k_eu_mdv2','T2D','OR_TRUST_17k'),('P_EMMAX_FE_IV_17k','ExSeq_17k_eu_mdv2','T2D','TRUST_17k'),('P_FIRTH_FE_IV','ExSeq_17k_eu_mdv2','T2D','TRUST_17k'),('P_MISSING','ExSeq_17k_eu_mdv2','T2D','TRUST_17k'),('HETA','ExSeq_17k_hs_genes_ha_mdv2','T2D','NULL'),('HETU','ExSeq_17k_hs_genes_ha_mdv2','T2D','NULL'),('HOMA','ExSeq_17k_hs_genes_ha_mdv2','T2D','NULL'),('HOMU','ExSeq_17k_hs_genes_ha_mdv2','T2D','NULL'),('MINA','ExSeq_17k_hs_genes_ha_mdv2','T2D','NULL'),('MINU','ExSeq_17k_hs_genes_ha_mdv2','T2D','NULL'),('OBSA','ExSeq_17k_hs_genes_ha_mdv2','T2D','NULL'),('OBSU','ExSeq_17k_hs_genes_ha_mdv2','T2D','NULL'),('OR_FIRTH','ExSeq_17k_hs_genes_ha_mdv2','T2D','OR_TRUST_17k'),('OR_TRUST','ExSeq_17k_hs_genes_ha_mdv2','T2D','OR_TRUST_17k'),('P_EMMAX_26k','ExSeq_17k_hs_genes_ha_mdv2','T2D','TRUST_17k'),('P_FIRTH','ExSeq_17k_hs_genes_ha_mdv2','T2D','TRUST_17k'),('P_MISSING','ExSeq_17k_hs_genes_ha_mdv2','T2D','TRUST_17k'),('HETA','ExSeq_17k_hs_genes_hs_mdv2','T2D','NULL'),('HETU','ExSeq_17k_hs_genes_hs_mdv2','T2D','NULL'),('HOMA','ExSeq_17k_hs_genes_hs_mdv2','T2D','NULL'),('HOMU','ExSeq_17k_hs_genes_hs_mdv2','T2D','NULL'),('MINA','ExSeq_17k_hs_genes_hs_mdv2','T2D','NULL'),('MINU','ExSeq_17k_hs_genes_hs_mdv2','T2D','NULL'),('OBSA','ExSeq_17k_hs_genes_hs_mdv2','T2D','NULL'),('OBSU','ExSeq_17k_hs_genes_hs_mdv2','T2D','NULL'),('OR_FIRTH','ExSeq_17k_hs_genes_hs_mdv2','T2D','OR_TRUST_17k'),('OR_TRUST','ExSeq_17k_hs_genes_hs_mdv2','T2D','OR_TRUST_17k'),('P_EMMAX_26k','ExSeq_17k_hs_genes_hs_mdv2','T2D','TRUST_17k'),('P_FIRTH','ExSeq_17k_hs_genes_hs_mdv2','T2D','TRUST_17k'),('P_MISSING','ExSeq_17k_hs_genes_hs_mdv2','T2D','TRUST_17k'),('HETA','ExSeq_17k_hs_genes_mdv2','T2D','NULL'),('HETU','ExSeq_17k_hs_genes_mdv2','T2D','NULL'),('HOMA','ExSeq_17k_hs_genes_mdv2','T2D','NULL'),('HOMU','ExSeq_17k_hs_genes_mdv2','T2D','NULL'),('MINA','ExSeq_17k_hs_genes_mdv2','T2D','NULL'),('MINU','ExSeq_17k_hs_genes_mdv2','T2D','NULL'),('OBSA','ExSeq_17k_hs_genes_mdv2','T2D','NULL'),('OBSU','ExSeq_17k_hs_genes_mdv2','T2D','NULL'),('OR_FIRTH_FE_IV','ExSeq_17k_hs_genes_mdv2','T2D','OR_TRUST_17k'),('OR_TRUST','ExSeq_17k_hs_genes_mdv2','T2D','OR_TRUST_17k'),('P_EMMAX_FE_IV_26k','ExSeq_17k_hs_genes_mdv2','T2D','TRUST_17k'),('P_FIRTH_FE_IV','ExSeq_17k_hs_genes_mdv2','T2D','TRUST_17k'),('P_MISSING','ExSeq_17k_hs_genes_mdv2','T2D','TRUST_17k'),('HETA','ExSeq_17k_hs_mdv2','T2D','NULL'),('HETU','ExSeq_17k_hs_mdv2','T2D','NULL'),('HOMA','ExSeq_17k_hs_mdv2','T2D','NULL'),('HOMU','ExSeq_17k_hs_mdv2','T2D','NULL'),('MINA','ExSeq_17k_hs_mdv2','T2D','NULL'),('MINU','ExSeq_17k_hs_mdv2','T2D','NULL'),('OBSA','ExSeq_17k_hs_mdv2','T2D','NULL'),('OBSU','ExSeq_17k_hs_mdv2','T2D','NULL'),('OR_FIRTH_FE_IV','ExSeq_17k_hs_mdv2','T2D','OR_TRUST_17k'),('OR_TRUST','ExSeq_17k_hs_mdv2','T2D','OR_TRUST_17k'),('P_EMMAX_FE_IV_26k','ExSeq_17k_hs_mdv2','T2D','TRUST_17k'),('P_FIRTH_FE_IV','ExSeq_17k_hs_mdv2','T2D','TRUST_17k'),('P_MISSING','ExSeq_17k_hs_mdv2','T2D','TRUST_17k'),('HETA','ExSeq_17k_hs_sigma_mdv2','T2D','NULL'),('HETU','ExSeq_17k_hs_sigma_mdv2','T2D','NULL'),('HOMA','ExSeq_17k_hs_sigma_mdv2','T2D','NULL'),('HOMU','ExSeq_17k_hs_sigma_mdv2','T2D','NULL'),('MINA','ExSeq_17k_hs_sigma_mdv2','T2D','NULL'),('MINU','ExSeq_17k_hs_sigma_mdv2','T2D','NULL'),('OBSA','ExSeq_17k_hs_sigma_mdv2','T2D','NULL'),('OBSU','ExSeq_17k_hs_sigma_mdv2','T2D','NULL'),('OR_FIRTH','ExSeq_17k_hs_sigma_mdv2','T2D','OR_TRUST_17k'),('OR_TRUST','ExSeq_17k_hs_sigma_mdv2','T2D','OR_TRUST_17k'),('P_EMMAX_26k','ExSeq_17k_hs_sigma_mdv2','T2D','TRUST_17k'),('P_FIRTH','ExSeq_17k_hs_sigma_mdv2','T2D','TRUST_17k'),('P_MISSING','ExSeq_17k_hs_sigma_mdv2','T2D','TRUST_17k'),('HETA','ExSeq_17k_hs_sigma_mec_mdv2','T2D','NULL'),('HETU','ExSeq_17k_hs_sigma_mec_mdv2','T2D','NULL'),('HOMA','ExSeq_17k_hs_sigma_mec_mdv2','T2D','NULL'),('HOMU','ExSeq_17k_hs_sigma_mec_mdv2','T2D','NULL'),('MINA','ExSeq_17k_hs_sigma_mec_mdv2','T2D','NULL'),('MINU','ExSeq_17k_hs_sigma_mec_mdv2','T2D','NULL'),('OBSA','ExSeq_17k_hs_sigma_mec_mdv2','T2D','NULL'),('OBSU','ExSeq_17k_hs_sigma_mec_mdv2','T2D','NULL'),('OR_FIRTH','ExSeq_17k_hs_sigma_mec_mdv2','T2D','OR_TRUST_17k'),('OR_TRUST','ExSeq_17k_hs_sigma_mec_mdv2','T2D','OR_TRUST_17k'),('P_EMMAX_26k','ExSeq_17k_hs_sigma_mec_mdv2','T2D','TRUST_17k'),('P_FIRTH','ExSeq_17k_hs_sigma_mec_mdv2','T2D','TRUST_17k'),('P_MISSING','ExSeq_17k_hs_sigma_mec_mdv2','T2D','TRUST_17k'),('HETA','ExSeq_17k_hs_sigma_mexb1_mdv2','T2D','NULL'),('HETU','ExSeq_17k_hs_sigma_mexb1_mdv2','T2D','NULL'),('HOMA','ExSeq_17k_hs_sigma_mexb1_mdv2','T2D','NULL'),('HOMU','ExSeq_17k_hs_sigma_mexb1_mdv2','T2D','NULL'),('MINA','ExSeq_17k_hs_sigma_mexb1_mdv2','T2D','NULL'),('MINU','ExSeq_17k_hs_sigma_mexb1_mdv2','T2D','NULL'),('OBSA','ExSeq_17k_hs_sigma_mexb1_mdv2','T2D','NULL'),('OBSU','ExSeq_17k_hs_sigma_mexb1_mdv2','T2D','NULL'),('OR_FIRTH','ExSeq_17k_hs_sigma_mexb1_mdv2','T2D','OR_TRUST_17k'),('OR_TRUST','ExSeq_17k_hs_sigma_mexb1_mdv2','T2D','OR_TRUST_17k'),('P_EMMAX_26k','ExSeq_17k_hs_sigma_mexb1_mdv2','T2D','TRUST_17k'),('P_FIRTH','ExSeq_17k_hs_sigma_mexb1_mdv2','T2D','TRUST_17k'),('P_MISSING','ExSeq_17k_hs_sigma_mexb1_mdv2','T2D','TRUST_17k'),('HETA','ExSeq_17k_hs_sigma_mexb2_mdv2','T2D','NULL'),('HETU','ExSeq_17k_hs_sigma_mexb2_mdv2','T2D','NULL'),('HOMA','ExSeq_17k_hs_sigma_mexb2_mdv2','T2D','NULL'),('HOMU','ExSeq_17k_hs_sigma_mexb2_mdv2','T2D','NULL'),('MINA','ExSeq_17k_hs_sigma_mexb2_mdv2','T2D','NULL'),('MINU','ExSeq_17k_hs_sigma_mexb2_mdv2','T2D','NULL'),('OBSA','ExSeq_17k_hs_sigma_mexb2_mdv2','T2D','NULL'),('OBSU','ExSeq_17k_hs_sigma_mexb2_mdv2','T2D','NULL'),('OR_FIRTH','ExSeq_17k_hs_sigma_mexb2_mdv2','T2D','OR_TRUST_17k'),('OR_TRUST','ExSeq_17k_hs_sigma_mexb2_mdv2','T2D','OR_TRUST_17k'),('P_EMMAX_26k','ExSeq_17k_hs_sigma_mexb2_mdv2','T2D','TRUST_17k'),('P_FIRTH','ExSeq_17k_hs_sigma_mexb2_mdv2','T2D','TRUST_17k'),('P_MISSING','ExSeq_17k_hs_sigma_mexb2_mdv2','T2D','TRUST_17k'),('HETA','ExSeq_17k_hs_sigma_mexb3_mdv2','T2D','NULL'),('HETU','ExSeq_17k_hs_sigma_mexb3_mdv2','T2D','NULL'),('HOMA','ExSeq_17k_hs_sigma_mexb3_mdv2','T2D','NULL'),('HOMU','ExSeq_17k_hs_sigma_mexb3_mdv2','T2D','NULL'),('MINA','ExSeq_17k_hs_sigma_mexb3_mdv2','T2D','NULL'),('MINU','ExSeq_17k_hs_sigma_mexb3_mdv2','T2D','NULL'),('OBSA','ExSeq_17k_hs_sigma_mexb3_mdv2','T2D','NULL'),('OBSU','ExSeq_17k_hs_sigma_mexb3_mdv2','T2D','NULL'),('OR_FIRTH','ExSeq_17k_hs_sigma_mexb3_mdv2','T2D','OR_TRUST_17k'),('OR_TRUST','ExSeq_17k_hs_sigma_mexb3_mdv2','T2D','OR_TRUST_17k'),('P_EMMAX_26k','ExSeq_17k_hs_sigma_mexb3_mdv2','T2D','TRUST_17k'),('P_FIRTH','ExSeq_17k_hs_sigma_mexb3_mdv2','T2D','TRUST_17k'),('P_MISSING','ExSeq_17k_hs_sigma_mexb3_mdv2','T2D','TRUST_17k'),('HETA','ExSeq_17k_mdv2','T2D','NULL'),('HETU','ExSeq_17k_mdv2','T2D','NULL'),('HOMA','ExSeq_17k_mdv2','T2D','NULL'),('HOMU','ExSeq_17k_mdv2','T2D','NULL'),('MINA','ExSeq_17k_mdv2','T2D','NULL'),('MINU','ExSeq_17k_mdv2','T2D','NULL'),('OBSA','ExSeq_17k_mdv2','T2D','NULL'),('OBSU','ExSeq_17k_mdv2','T2D','NULL'),('OR_FIRTH_FE_IV','ExSeq_17k_mdv2','T2D','OR_TRUST_17k'),('OR_TRUST','ExSeq_17k_mdv2','T2D','OR_TRUST_17k'),('P_EMMAX_FE_IV_17k','ExSeq_17k_mdv2','T2D','TRUST_17k'),('P_FIRTH_FE_IV','ExSeq_17k_mdv2','T2D','TRUST_17k'),('P_MISSING','ExSeq_17k_mdv2','T2D','TRUST_17k'),('HETA','ExSeq_17k_sa_genes_mdv2','T2D','NULL'),('HETU','ExSeq_17k_sa_genes_mdv2','T2D','NULL'),('HOMA','ExSeq_17k_sa_genes_mdv2','T2D','NULL'),('HOMU','ExSeq_17k_sa_genes_mdv2','T2D','NULL'),('MINA','ExSeq_17k_sa_genes_mdv2','T2D','NULL'),('MINU','ExSeq_17k_sa_genes_mdv2','T2D','NULL'),('OBSA','ExSeq_17k_sa_genes_mdv2','T2D','NULL'),('OBSU','ExSeq_17k_sa_genes_mdv2','T2D','NULL'),('OR_FIRTH_FE_IV','ExSeq_17k_sa_genes_mdv2','T2D','OR_TRUST_17k'),('OR_TRUST','ExSeq_17k_sa_genes_mdv2','T2D','OR_TRUST_17k'),('P_EMMAX_FE_IV_26k','ExSeq_17k_sa_genes_mdv2','T2D','TRUST_17k'),('P_FIRTH_FE_IV','ExSeq_17k_sa_genes_mdv2','T2D','TRUST_17k'),('P_MISSING','ExSeq_17k_sa_genes_mdv2','T2D','TRUST_17k'),('HETA','ExSeq_17k_sa_genes_sl_mdv2','T2D','NULL'),('HETU','ExSeq_17k_sa_genes_sl_mdv2','T2D','NULL'),('HOMA','ExSeq_17k_sa_genes_sl_mdv2','T2D','NULL'),('HOMU','ExSeq_17k_sa_genes_sl_mdv2','T2D','NULL'),('MINA','ExSeq_17k_sa_genes_sl_mdv2','T2D','NULL'),('MINU','ExSeq_17k_sa_genes_sl_mdv2','T2D','NULL'),('OBSA','ExSeq_17k_sa_genes_sl_mdv2','T2D','NULL'),('OBSU','ExSeq_17k_sa_genes_sl_mdv2','T2D','NULL'),('OR_FIRTH','ExSeq_17k_sa_genes_sl_mdv2','T2D','OR_TRUST_17k'),('OR_TRUST','ExSeq_17k_sa_genes_sl_mdv2','T2D','OR_TRUST_17k'),('P_EMMAX_26k','ExSeq_17k_sa_genes_sl_mdv2','T2D','TRUST_17k'),('P_FIRTH','ExSeq_17k_sa_genes_sl_mdv2','T2D','TRUST_17k'),('P_MISSING','ExSeq_17k_sa_genes_sl_mdv2','T2D','TRUST_17k'),('HETA','ExSeq_17k_sa_genes_ss_mdv2','T2D','NULL'),('HETU','ExSeq_17k_sa_genes_ss_mdv2','T2D','NULL'),('HOMA','ExSeq_17k_sa_genes_ss_mdv2','T2D','NULL'),('HOMU','ExSeq_17k_sa_genes_ss_mdv2','T2D','NULL'),('MINA','ExSeq_17k_sa_genes_ss_mdv2','T2D','NULL'),('MINU','ExSeq_17k_sa_genes_ss_mdv2','T2D','NULL'),('OBSA','ExSeq_17k_sa_genes_ss_mdv2','T2D','NULL'),('OBSU','ExSeq_17k_sa_genes_ss_mdv2','T2D','NULL'),('OR_FIRTH','ExSeq_17k_sa_genes_ss_mdv2','T2D','OR_TRUST_17k'),('OR_TRUST','ExSeq_17k_sa_genes_ss_mdv2','T2D','OR_TRUST_17k'),('P_EMMAX_26k','ExSeq_17k_sa_genes_ss_mdv2','T2D','TRUST_17k'),('P_FIRTH','ExSeq_17k_sa_genes_ss_mdv2','T2D','TRUST_17k'),('P_MISSING','ExSeq_17k_sa_genes_ss_mdv2','T2D','TRUST_17k'),('BETA','ExSeq_13k_aa_genes_mdv1','BMI','NULL'),('MAC_PH','ExSeq_13k_aa_genes_mdv1','BMI','NULL'),('N_PH','ExSeq_13k_aa_genes_mdv1','BMI','NULL'),('P_FE_INV','ExSeq_13k_aa_genes_mdv1','BMI','TRUST'),('SE','ExSeq_13k_aa_genes_mdv1','BMI','NULL'),('BETA','ExSeq_13k_aa_genes_mdv1','CHOL','NULL'),('MAC_PH','ExSeq_13k_aa_genes_mdv1','CHOL','NULL'),('N_PH','ExSeq_13k_aa_genes_mdv1','CHOL','NULL'),('P_FE_INV','ExSeq_13k_aa_genes_mdv1','CHOL','TRUST'),('SE','ExSeq_13k_aa_genes_mdv1','CHOL','NULL'),('BETA','ExSeq_13k_aa_genes_mdv1','DBP','NULL'),('MAC_PH','ExSeq_13k_aa_genes_mdv1','DBP','NULL'),('N_PH','ExSeq_13k_aa_genes_mdv1','DBP','NULL'),('P_FE_INV','ExSeq_13k_aa_genes_mdv1','DBP','TRUST'),('SE','ExSeq_13k_aa_genes_mdv1','DBP','NULL'),('BETA','ExSeq_13k_aa_genes_mdv1','FG','NULL'),('MAC_PH','ExSeq_13k_aa_genes_mdv1','FG','NULL'),('N_PH','ExSeq_13k_aa_genes_mdv1','FG','NULL'),('P_FE_INV','ExSeq_13k_aa_genes_mdv1','FG','TRUST'),('SE','ExSeq_13k_aa_genes_mdv1','FG','NULL'),('BETA','ExSeq_13k_aa_genes_mdv1','FI','NULL'),('MAC_PH','ExSeq_13k_aa_genes_mdv1','FI','NULL'),('N_PH','ExSeq_13k_aa_genes_mdv1','FI','NULL'),('P_FE_INV','ExSeq_13k_aa_genes_mdv1','FI','TRUST'),('SE','ExSeq_13k_aa_genes_mdv1','FI','NULL'),('BETA','ExSeq_13k_aa_genes_mdv1','HBA1C','NULL'),('MAC_PH','ExSeq_13k_aa_genes_mdv1','HBA1C','NULL'),('N_PH','ExSeq_13k_aa_genes_mdv1','HBA1C','NULL'),('P_FE_INV','ExSeq_13k_aa_genes_mdv1','HBA1C','TRUST'),('SE','ExSeq_13k_aa_genes_mdv1','HBA1C','NULL'),('BETA','ExSeq_13k_aa_genes_mdv1','HDL','NULL'),('MAC_PH','ExSeq_13k_aa_genes_mdv1','HDL','NULL'),('N_PH','ExSeq_13k_aa_genes_mdv1','HDL','NULL'),('P_FE_INV','ExSeq_13k_aa_genes_mdv1','HDL','TRUST'),('SE','ExSeq_13k_aa_genes_mdv1','HDL','NULL'),('BETA','ExSeq_13k_aa_genes_mdv1','HEIGHT','NULL'),('MAC_PH','ExSeq_13k_aa_genes_mdv1','HEIGHT','NULL'),('N_PH','ExSeq_13k_aa_genes_mdv1','HEIGHT','NULL'),('P_FE_INV','ExSeq_13k_aa_genes_mdv1','HEIGHT','TRUST'),('SE','ExSeq_13k_aa_genes_mdv1','HEIGHT','NULL'),('BETA','ExSeq_13k_aa_genes_mdv1','HIPC','NULL'),('MAC_PH','ExSeq_13k_aa_genes_mdv1','HIPC','NULL'),('N_PH','ExSeq_13k_aa_genes_mdv1','HIPC','NULL'),('P_FE_INV','ExSeq_13k_aa_genes_mdv1','HIPC','TRUST'),('SE','ExSeq_13k_aa_genes_mdv1','HIPC','NULL'),('BETA','ExSeq_13k_aa_genes_mdv1','LDL','NULL'),('MAC_PH','ExSeq_13k_aa_genes_mdv1','LDL','NULL'),('N_PH','ExSeq_13k_aa_genes_mdv1','LDL','NULL'),('P_FE_INV','ExSeq_13k_aa_genes_mdv1','LDL','TRUST'),('SE','ExSeq_13k_aa_genes_mdv1','LDL','NULL'),('BETA','ExSeq_13k_aa_genes_mdv1','SBP','NULL'),('MAC_PH','ExSeq_13k_aa_genes_mdv1','SBP','NULL'),('N_PH','ExSeq_13k_aa_genes_mdv1','SBP','NULL'),('P_FE_INV','ExSeq_13k_aa_genes_mdv1','SBP','TRUST'),('SE','ExSeq_13k_aa_genes_mdv1','SBP','NULL'),('HETA','ExSeq_13k_aa_genes_mdv1','T2D','NULL'),('HETU','ExSeq_13k_aa_genes_mdv1','T2D','NULL'),('HOMA','ExSeq_13k_aa_genes_mdv1','T2D','NULL'),('HOMU','ExSeq_13k_aa_genes_mdv1','T2D','NULL'),('MINA','ExSeq_13k_aa_genes_mdv1','T2D','NULL'),('MINU','ExSeq_13k_aa_genes_mdv1','T2D','NULL'),('OBSA','ExSeq_13k_aa_genes_mdv1','T2D','NULL'),('OBSU','ExSeq_13k_aa_genes_mdv1','T2D','NULL'),('OR_WALD_DOS','ExSeq_13k_aa_genes_mdv1','T2D','OR_TRUST'),('P_EMMAX','ExSeq_13k_aa_genes_mdv1','T2D','TRUST'),('TRUST','ExSeq_13k_aa_genes_mdv1','T2D','NULL'),('BETA','ExSeq_13k_aa_genes_mdv1','TG','NULL'),('MAC_PH','ExSeq_13k_aa_genes_mdv1','TG','NULL'),('N_PH','ExSeq_13k_aa_genes_mdv1','TG','NULL'),('P_FE_INV','ExSeq_13k_aa_genes_mdv1','TG','TRUST'),('SE','ExSeq_13k_aa_genes_mdv1','TG','NULL'),('BETA','ExSeq_13k_aa_genes_mdv1','WAIST','NULL'),('MAC_PH','ExSeq_13k_aa_genes_mdv1','WAIST','NULL'),('N_PH','ExSeq_13k_aa_genes_mdv1','WAIST','NULL'),('P_FE_INV','ExSeq_13k_aa_genes_mdv1','WAIST','TRUST'),('SE','ExSeq_13k_aa_genes_mdv1','WAIST','NULL'),('BETA','ExSeq_13k_aa_genes_mdv1','WHR','NULL'),('MAC_PH','ExSeq_13k_aa_genes_mdv1','WHR','NULL'),('N_PH','ExSeq_13k_aa_genes_mdv1','WHR','NULL'),('P_FE_INV','ExSeq_13k_aa_genes_mdv1','WHR','TRUST'),('SE','ExSeq_13k_aa_genes_mdv1','WHR','NULL'),('BETA','ExSeq_13k_aa_genes_mdv2','BMI','NULL'),('MAC_PH','ExSeq_13k_aa_genes_mdv2','BMI','NULL'),('N_PH','ExSeq_13k_aa_genes_mdv2','BMI','NULL'),('P_FE_INV','ExSeq_13k_aa_genes_mdv2','BMI','TRUST'),('SE','ExSeq_13k_aa_genes_mdv2','BMI','NULL'),('BETA','ExSeq_13k_aa_genes_mdv2','CHOL','NULL'),('MAC_PH','ExSeq_13k_aa_genes_mdv2','CHOL','NULL'),('N_PH','ExSeq_13k_aa_genes_mdv2','CHOL','NULL'),('P_FE_INV','ExSeq_13k_aa_genes_mdv2','CHOL','TRUST'),('SE','ExSeq_13k_aa_genes_mdv2','CHOL','NULL'),('BETA','ExSeq_13k_aa_genes_mdv2','DBP','NULL'),('MAC_PH','ExSeq_13k_aa_genes_mdv2','DBP','NULL'),('N_PH','ExSeq_13k_aa_genes_mdv2','DBP','NULL'),('P_FE_INV','ExSeq_13k_aa_genes_mdv2','DBP','TRUST'),('SE','ExSeq_13k_aa_genes_mdv2','DBP','NULL'),('BETA','ExSeq_13k_aa_genes_mdv2','FG','NULL'),('MAC_PH','ExSeq_13k_aa_genes_mdv2','FG','NULL'),('N_PH','ExSeq_13k_aa_genes_mdv2','FG','NULL'),('P_FE_INV','ExSeq_13k_aa_genes_mdv2','FG','TRUST'),('SE','ExSeq_13k_aa_genes_mdv2','FG','NULL'),('BETA','ExSeq_13k_aa_genes_mdv2','FI','NULL'),('MAC_PH','ExSeq_13k_aa_genes_mdv2','FI','NULL'),('N_PH','ExSeq_13k_aa_genes_mdv2','FI','NULL'),('P_FE_INV','ExSeq_13k_aa_genes_mdv2','FI','TRUST'),('SE','ExSeq_13k_aa_genes_mdv2','FI','NULL'),('BETA','ExSeq_13k_aa_genes_mdv2','HBA1C','NULL'),('MAC_PH','ExSeq_13k_aa_genes_mdv2','HBA1C','NULL'),('N_PH','ExSeq_13k_aa_genes_mdv2','HBA1C','NULL'),('P_FE_INV','ExSeq_13k_aa_genes_mdv2','HBA1C','TRUST'),('SE','ExSeq_13k_aa_genes_mdv2','HBA1C','NULL'),('BETA','ExSeq_13k_aa_genes_mdv2','HDL','NULL'),('MAC_PH','ExSeq_13k_aa_genes_mdv2','HDL','NULL'),('N_PH','ExSeq_13k_aa_genes_mdv2','HDL','NULL'),('P_FE_INV','ExSeq_13k_aa_genes_mdv2','HDL','TRUST'),('SE','ExSeq_13k_aa_genes_mdv2','HDL','NULL'),('BETA','ExSeq_13k_aa_genes_mdv2','HEIGHT','NULL'),('MAC_PH','ExSeq_13k_aa_genes_mdv2','HEIGHT','NULL'),('N_PH','ExSeq_13k_aa_genes_mdv2','HEIGHT','NULL'),('P_FE_INV','ExSeq_13k_aa_genes_mdv2','HEIGHT','TRUST'),('SE','ExSeq_13k_aa_genes_mdv2','HEIGHT','NULL'),('BETA','ExSeq_13k_aa_genes_mdv2','HIPC','NULL'),('MAC_PH','ExSeq_13k_aa_genes_mdv2','HIPC','NULL'),('N_PH','ExSeq_13k_aa_genes_mdv2','HIPC','NULL'),('P_FE_INV','ExSeq_13k_aa_genes_mdv2','HIPC','TRUST'),('SE','ExSeq_13k_aa_genes_mdv2','HIPC','NULL'),('BETA','ExSeq_13k_aa_genes_mdv2','LDL','NULL'),('MAC_PH','ExSeq_13k_aa_genes_mdv2','LDL','NULL'),('N_PH','ExSeq_13k_aa_genes_mdv2','LDL','NULL'),('P_FE_INV','ExSeq_13k_aa_genes_mdv2','LDL','TRUST'),('SE','ExSeq_13k_aa_genes_mdv2','LDL','NULL'),('BETA','ExSeq_13k_aa_genes_mdv2','SBP','NULL'),('MAC_PH','ExSeq_13k_aa_genes_mdv2','SBP','NULL'),('N_PH','ExSeq_13k_aa_genes_mdv2','SBP','NULL'),('P_FE_INV','ExSeq_13k_aa_genes_mdv2','SBP','TRUST'),('SE','ExSeq_13k_aa_genes_mdv2','SBP','NULL'),('BETA','ExSeq_13k_aa_genes_mdv2','TG','NULL'),('MAC_PH','ExSeq_13k_aa_genes_mdv2','TG','NULL'),('N_PH','ExSeq_13k_aa_genes_mdv2','TG','NULL'),('P_FE_INV','ExSeq_13k_aa_genes_mdv2','TG','TRUST'),('SE','ExSeq_13k_aa_genes_mdv2','TG','NULL'),('BETA','ExSeq_13k_aa_genes_mdv2','WAIST','NULL'),('MAC_PH','ExSeq_13k_aa_genes_mdv2','WAIST','NULL'),('N_PH','ExSeq_13k_aa_genes_mdv2','WAIST','NULL'),('P_FE_INV','ExSeq_13k_aa_genes_mdv2','WAIST','TRUST'),('SE','ExSeq_13k_aa_genes_mdv2','WAIST','NULL'),('BETA','ExSeq_13k_aa_genes_mdv2','WHR','NULL'),('MAC_PH','ExSeq_13k_aa_genes_mdv2','WHR','NULL'),('N_PH','ExSeq_13k_aa_genes_mdv2','WHR','NULL'),('P_FE_INV','ExSeq_13k_aa_genes_mdv2','WHR','TRUST'),('SE','ExSeq_13k_aa_genes_mdv2','WHR','NULL'),('BETA','ExSeq_13k_aa_genes_mdv3','BMI','NULL'),('MAC_PH','ExSeq_13k_aa_genes_mdv3','BMI','NULL'),('N_PH','ExSeq_13k_aa_genes_mdv3','BMI','NULL'),('P_FE_INV','ExSeq_13k_aa_genes_mdv3','BMI','TRUST'),('SE','ExSeq_13k_aa_genes_mdv3','BMI','NULL'),('BETA','ExSeq_13k_aa_genes_mdv3','CHOL','NULL'),('MAC_PH','ExSeq_13k_aa_genes_mdv3','CHOL','NULL'),('N_PH','ExSeq_13k_aa_genes_mdv3','CHOL','NULL'),('P_FE_INV','ExSeq_13k_aa_genes_mdv3','CHOL','TRUST'),('SE','ExSeq_13k_aa_genes_mdv3','CHOL','NULL'),('BETA','ExSeq_13k_aa_genes_mdv3','DBP','NULL'),('MAC_PH','ExSeq_13k_aa_genes_mdv3','DBP','NULL'),('N_PH','ExSeq_13k_aa_genes_mdv3','DBP','NULL'),('P_FE_INV','ExSeq_13k_aa_genes_mdv3','DBP','TRUST'),('SE','ExSeq_13k_aa_genes_mdv3','DBP','NULL'),('BETA','ExSeq_13k_aa_genes_mdv3','FG','NULL'),('MAC_PH','ExSeq_13k_aa_genes_mdv3','FG','NULL'),('N_PH','ExSeq_13k_aa_genes_mdv3','FG','NULL'),('P_FE_INV','ExSeq_13k_aa_genes_mdv3','FG','TRUST'),('SE','ExSeq_13k_aa_genes_mdv3','FG','NULL'),('BETA','ExSeq_13k_aa_genes_mdv3','FI','NULL'),('MAC_PH','ExSeq_13k_aa_genes_mdv3','FI','NULL'),('N_PH','ExSeq_13k_aa_genes_mdv3','FI','NULL'),('P_FE_INV','ExSeq_13k_aa_genes_mdv3','FI','TRUST'),('SE','ExSeq_13k_aa_genes_mdv3','FI','NULL'),('BETA','ExSeq_13k_aa_genes_mdv3','HBA1C','NULL'),('MAC_PH','ExSeq_13k_aa_genes_mdv3','HBA1C','NULL'),('N_PH','ExSeq_13k_aa_genes_mdv3','HBA1C','NULL'),('P_FE_INV','ExSeq_13k_aa_genes_mdv3','HBA1C','TRUST'),('SE','ExSeq_13k_aa_genes_mdv3','HBA1C','NULL'),('BETA','ExSeq_13k_aa_genes_mdv3','HDL','NULL'),('MAC_PH','ExSeq_13k_aa_genes_mdv3','HDL','NULL'),('N_PH','ExSeq_13k_aa_genes_mdv3','HDL','NULL'),('P_FE_INV','ExSeq_13k_aa_genes_mdv3','HDL','TRUST'),('SE','ExSeq_13k_aa_genes_mdv3','HDL','NULL'),('BETA','ExSeq_13k_aa_genes_mdv3','HEIGHT','NULL'),('MAC_PH','ExSeq_13k_aa_genes_mdv3','HEIGHT','NULL'),('N_PH','ExSeq_13k_aa_genes_mdv3','HEIGHT','NULL'),('P_FE_INV','ExSeq_13k_aa_genes_mdv3','HEIGHT','TRUST'),('SE','ExSeq_13k_aa_genes_mdv3','HEIGHT','NULL'),('BETA','ExSeq_13k_aa_genes_mdv3','HIPC','NULL'),('MAC_PH','ExSeq_13k_aa_genes_mdv3','HIPC','NULL'),('N_PH','ExSeq_13k_aa_genes_mdv3','HIPC','NULL'),('P_FE_INV','ExSeq_13k_aa_genes_mdv3','HIPC','TRUST'),('SE','ExSeq_13k_aa_genes_mdv3','HIPC','NULL'),('BETA','ExSeq_13k_aa_genes_mdv3','LDL','NULL'),('MAC_PH','ExSeq_13k_aa_genes_mdv3','LDL','NULL'),('N_PH','ExSeq_13k_aa_genes_mdv3','LDL','NULL'),('P_FE_INV','ExSeq_13k_aa_genes_mdv3','LDL','TRUST'),('SE','ExSeq_13k_aa_genes_mdv3','LDL','NULL'),('BETA','ExSeq_13k_aa_genes_mdv3','SBP','NULL'),('MAC_PH','ExSeq_13k_aa_genes_mdv3','SBP','NULL'),('N_PH','ExSeq_13k_aa_genes_mdv3','SBP','NULL'),('P_FE_INV','ExSeq_13k_aa_genes_mdv3','SBP','TRUST'),('SE','ExSeq_13k_aa_genes_mdv3','SBP','NULL'),('BETA','ExSeq_13k_aa_genes_mdv3','TG','NULL'),('MAC_PH','ExSeq_13k_aa_genes_mdv3','TG','NULL'),('N_PH','ExSeq_13k_aa_genes_mdv3','TG','NULL'),('P_FE_INV','ExSeq_13k_aa_genes_mdv3','TG','TRUST'),('SE','ExSeq_13k_aa_genes_mdv3','TG','NULL'),('BETA','ExSeq_13k_aa_genes_mdv3','WAIST','NULL'),('MAC_PH','ExSeq_13k_aa_genes_mdv3','WAIST','NULL'),('N_PH','ExSeq_13k_aa_genes_mdv3','WAIST','NULL'),('P_FE_INV','ExSeq_13k_aa_genes_mdv3','WAIST','TRUST'),('SE','ExSeq_13k_aa_genes_mdv3','WAIST','NULL'),('BETA','ExSeq_13k_aa_genes_mdv3','WHR','NULL'),('MAC_PH','ExSeq_13k_aa_genes_mdv3','WHR','NULL'),('N_PH','ExSeq_13k_aa_genes_mdv3','WHR','NULL'),('P_FE_INV','ExSeq_13k_aa_genes_mdv3','WHR','TRUST'),('SE','ExSeq_13k_aa_genes_mdv3','WHR','NULL'),('BETA','ExSeq_13k_ea_genes_mdv1','BMI','NULL'),('MAC_PH','ExSeq_13k_ea_genes_mdv1','BMI','NULL'),('N_PH','ExSeq_13k_ea_genes_mdv1','BMI','NULL'),('P_FE_INV','ExSeq_13k_ea_genes_mdv1','BMI','TRUST'),('SE','ExSeq_13k_ea_genes_mdv1','BMI','NULL'),('BETA','ExSeq_13k_ea_genes_mdv1','CHOL','NULL'),('MAC_PH','ExSeq_13k_ea_genes_mdv1','CHOL','NULL'),('N_PH','ExSeq_13k_ea_genes_mdv1','CHOL','NULL'),('P_FE_INV','ExSeq_13k_ea_genes_mdv1','CHOL','TRUST'),('SE','ExSeq_13k_ea_genes_mdv1','CHOL','NULL'),('BETA','ExSeq_13k_ea_genes_mdv1','DBP','NULL'),('MAC_PH','ExSeq_13k_ea_genes_mdv1','DBP','NULL'),('N_PH','ExSeq_13k_ea_genes_mdv1','DBP','NULL'),('P_FE_INV','ExSeq_13k_ea_genes_mdv1','DBP','TRUST'),('SE','ExSeq_13k_ea_genes_mdv1','DBP','NULL'),('BETA','ExSeq_13k_ea_genes_mdv1','FG','NULL'),('MAC_PH','ExSeq_13k_ea_genes_mdv1','FG','NULL'),('N_PH','ExSeq_13k_ea_genes_mdv1','FG','NULL'),('P_FE_INV','ExSeq_13k_ea_genes_mdv1','FG','TRUST'),('SE','ExSeq_13k_ea_genes_mdv1','FG','NULL'),('BETA','ExSeq_13k_ea_genes_mdv1','FI','NULL'),('MAC_PH','ExSeq_13k_ea_genes_mdv1','FI','NULL'),('N_PH','ExSeq_13k_ea_genes_mdv1','FI','NULL'),('P_FE_INV','ExSeq_13k_ea_genes_mdv1','FI','TRUST'),('SE','ExSeq_13k_ea_genes_mdv1','FI','NULL'),('BETA','ExSeq_13k_ea_genes_mdv1','HBA1C','NULL'),('MAC_PH','ExSeq_13k_ea_genes_mdv1','HBA1C','NULL'),('N_PH','ExSeq_13k_ea_genes_mdv1','HBA1C','NULL'),('P_FE_INV','ExSeq_13k_ea_genes_mdv1','HBA1C','TRUST'),('SE','ExSeq_13k_ea_genes_mdv1','HBA1C','NULL'),('BETA','ExSeq_13k_ea_genes_mdv1','HDL','NULL'),('MAC_PH','ExSeq_13k_ea_genes_mdv1','HDL','NULL'),('N_PH','ExSeq_13k_ea_genes_mdv1','HDL','NULL'),('P_FE_INV','ExSeq_13k_ea_genes_mdv1','HDL','TRUST'),('SE','ExSeq_13k_ea_genes_mdv1','HDL','NULL'),('BETA','ExSeq_13k_ea_genes_mdv1','HEIGHT','NULL'),('MAC_PH','ExSeq_13k_ea_genes_mdv1','HEIGHT','NULL'),('N_PH','ExSeq_13k_ea_genes_mdv1','HEIGHT','NULL'),('P_FE_INV','ExSeq_13k_ea_genes_mdv1','HEIGHT','TRUST'),('SE','ExSeq_13k_ea_genes_mdv1','HEIGHT','NULL'),('BETA','ExSeq_13k_ea_genes_mdv1','HIPC','NULL'),('MAC_PH','ExSeq_13k_ea_genes_mdv1','HIPC','NULL'),('N_PH','ExSeq_13k_ea_genes_mdv1','HIPC','NULL'),('P_FE_INV','ExSeq_13k_ea_genes_mdv1','HIPC','TRUST'),('SE','ExSeq_13k_ea_genes_mdv1','HIPC','NULL'),('BETA','ExSeq_13k_ea_genes_mdv1','LDL','NULL'),('MAC_PH','ExSeq_13k_ea_genes_mdv1','LDL','NULL'),('N_PH','ExSeq_13k_ea_genes_mdv1','LDL','NULL'),('P_FE_INV','ExSeq_13k_ea_genes_mdv1','LDL','TRUST'),('SE','ExSeq_13k_ea_genes_mdv1','LDL','NULL'),('BETA','ExSeq_13k_ea_genes_mdv1','SBP','NULL'),('MAC_PH','ExSeq_13k_ea_genes_mdv1','SBP','NULL'),('N_PH','ExSeq_13k_ea_genes_mdv1','SBP','NULL'),('P_FE_INV','ExSeq_13k_ea_genes_mdv1','SBP','TRUST'),('SE','ExSeq_13k_ea_genes_mdv1','SBP','NULL'),('HETA','ExSeq_13k_ea_genes_mdv1','T2D','NULL'),('HETU','ExSeq_13k_ea_genes_mdv1','T2D','NULL'),('HOMA','ExSeq_13k_ea_genes_mdv1','T2D','NULL'),('HOMU','ExSeq_13k_ea_genes_mdv1','T2D','NULL'),('MINA','ExSeq_13k_ea_genes_mdv1','T2D','NULL'),('MINU','ExSeq_13k_ea_genes_mdv1','T2D','NULL'),('OBSA','ExSeq_13k_ea_genes_mdv1','T2D','NULL'),('OBSU','ExSeq_13k_ea_genes_mdv1','T2D','NULL'),('OR_WALD_DOS','ExSeq_13k_ea_genes_mdv1','T2D','OR_TRUST'),('P_EMMAX','ExSeq_13k_ea_genes_mdv1','T2D','TRUST'),('TRUST','ExSeq_13k_ea_genes_mdv1','T2D','NULL'),('BETA','ExSeq_13k_ea_genes_mdv1','TG','NULL'),('MAC_PH','ExSeq_13k_ea_genes_mdv1','TG','NULL'),('N_PH','ExSeq_13k_ea_genes_mdv1','TG','NULL'),('P_FE_INV','ExSeq_13k_ea_genes_mdv1','TG','TRUST'),('SE','ExSeq_13k_ea_genes_mdv1','TG','NULL'),('BETA','ExSeq_13k_ea_genes_mdv1','WAIST','NULL'),('MAC_PH','ExSeq_13k_ea_genes_mdv1','WAIST','NULL'),('N_PH','ExSeq_13k_ea_genes_mdv1','WAIST','NULL'),('P_FE_INV','ExSeq_13k_ea_genes_mdv1','WAIST','TRUST'),('SE','ExSeq_13k_ea_genes_mdv1','WAIST','NULL'),('BETA','ExSeq_13k_ea_genes_mdv1','WHR','NULL'),('MAC_PH','ExSeq_13k_ea_genes_mdv1','WHR','NULL'),('N_PH','ExSeq_13k_ea_genes_mdv1','WHR','NULL'),('P_FE_INV','ExSeq_13k_ea_genes_mdv1','WHR','TRUST'),('SE','ExSeq_13k_ea_genes_mdv1','WHR','NULL'),('BETA','ExSeq_13k_ea_genes_mdv2','BMI','NULL'),('MAC_PH','ExSeq_13k_ea_genes_mdv2','BMI','NULL'),('N_PH','ExSeq_13k_ea_genes_mdv2','BMI','NULL'),('P_FE_INV','ExSeq_13k_ea_genes_mdv2','BMI','TRUST'),('SE','ExSeq_13k_ea_genes_mdv2','BMI','NULL'),('BETA','ExSeq_13k_ea_genes_mdv2','CHOL','NULL'),('MAC_PH','ExSeq_13k_ea_genes_mdv2','CHOL','NULL'),('N_PH','ExSeq_13k_ea_genes_mdv2','CHOL','NULL'),('P_FE_INV','ExSeq_13k_ea_genes_mdv2','CHOL','TRUST'),('SE','ExSeq_13k_ea_genes_mdv2','CHOL','NULL'),('BETA','ExSeq_13k_ea_genes_mdv2','DBP','NULL'),('MAC_PH','ExSeq_13k_ea_genes_mdv2','DBP','NULL'),('N_PH','ExSeq_13k_ea_genes_mdv2','DBP','NULL'),('P_FE_INV','ExSeq_13k_ea_genes_mdv2','DBP','TRUST'),('SE','ExSeq_13k_ea_genes_mdv2','DBP','NULL'),('BETA','ExSeq_13k_ea_genes_mdv2','FG','NULL'),('MAC_PH','ExSeq_13k_ea_genes_mdv2','FG','NULL'),('N_PH','ExSeq_13k_ea_genes_mdv2','FG','NULL'),('P_FE_INV','ExSeq_13k_ea_genes_mdv2','FG','TRUST'),('SE','ExSeq_13k_ea_genes_mdv2','FG','NULL'),('BETA','ExSeq_13k_ea_genes_mdv2','FI','NULL'),('MAC_PH','ExSeq_13k_ea_genes_mdv2','FI','NULL'),('N_PH','ExSeq_13k_ea_genes_mdv2','FI','NULL'),('P_FE_INV','ExSeq_13k_ea_genes_mdv2','FI','TRUST'),('SE','ExSeq_13k_ea_genes_mdv2','FI','NULL'),('BETA','ExSeq_13k_ea_genes_mdv2','HBA1C','NULL'),('MAC_PH','ExSeq_13k_ea_genes_mdv2','HBA1C','NULL'),('N_PH','ExSeq_13k_ea_genes_mdv2','HBA1C','NULL'),('P_FE_INV','ExSeq_13k_ea_genes_mdv2','HBA1C','TRUST'),('SE','ExSeq_13k_ea_genes_mdv2','HBA1C','NULL'),('BETA','ExSeq_13k_ea_genes_mdv2','HDL','NULL'),('MAC_PH','ExSeq_13k_ea_genes_mdv2','HDL','NULL'),('N_PH','ExSeq_13k_ea_genes_mdv2','HDL','NULL'),('P_FE_INV','ExSeq_13k_ea_genes_mdv2','HDL','TRUST'),('SE','ExSeq_13k_ea_genes_mdv2','HDL','NULL'),('BETA','ExSeq_13k_ea_genes_mdv2','HEIGHT','NULL'),('MAC_PH','ExSeq_13k_ea_genes_mdv2','HEIGHT','NULL'),('N_PH','ExSeq_13k_ea_genes_mdv2','HEIGHT','NULL'),('P_FE_INV','ExSeq_13k_ea_genes_mdv2','HEIGHT','TRUST'),('SE','ExSeq_13k_ea_genes_mdv2','HEIGHT','NULL'),('BETA','ExSeq_13k_ea_genes_mdv2','HIPC','NULL'),('MAC_PH','ExSeq_13k_ea_genes_mdv2','HIPC','NULL'),('N_PH','ExSeq_13k_ea_genes_mdv2','HIPC','NULL'),('P_FE_INV','ExSeq_13k_ea_genes_mdv2','HIPC','TRUST'),('SE','ExSeq_13k_ea_genes_mdv2','HIPC','NULL'),('BETA','ExSeq_13k_ea_genes_mdv2','LDL','NULL'),('MAC_PH','ExSeq_13k_ea_genes_mdv2','LDL','NULL'),('N_PH','ExSeq_13k_ea_genes_mdv2','LDL','NULL'),('P_FE_INV','ExSeq_13k_ea_genes_mdv2','LDL','TRUST'),('SE','ExSeq_13k_ea_genes_mdv2','LDL','NULL'),('BETA','ExSeq_13k_ea_genes_mdv2','SBP','NULL'),('MAC_PH','ExSeq_13k_ea_genes_mdv2','SBP','NULL'),('N_PH','ExSeq_13k_ea_genes_mdv2','SBP','NULL'),('P_FE_INV','ExSeq_13k_ea_genes_mdv2','SBP','TRUST'),('SE','ExSeq_13k_ea_genes_mdv2','SBP','NULL'),('BETA','ExSeq_13k_ea_genes_mdv2','TG','NULL'),('MAC_PH','ExSeq_13k_ea_genes_mdv2','TG','NULL'),('N_PH','ExSeq_13k_ea_genes_mdv2','TG','NULL'),('P_FE_INV','ExSeq_13k_ea_genes_mdv2','TG','TRUST'),('SE','ExSeq_13k_ea_genes_mdv2','TG','NULL'),('BETA','ExSeq_13k_ea_genes_mdv2','WAIST','NULL'),('MAC_PH','ExSeq_13k_ea_genes_mdv2','WAIST','NULL'),('N_PH','ExSeq_13k_ea_genes_mdv2','WAIST','NULL'),('P_FE_INV','ExSeq_13k_ea_genes_mdv2','WAIST','TRUST'),('SE','ExSeq_13k_ea_genes_mdv2','WAIST','NULL'),('BETA','ExSeq_13k_ea_genes_mdv2','WHR','NULL'),('MAC_PH','ExSeq_13k_ea_genes_mdv2','WHR','NULL'),('N_PH','ExSeq_13k_ea_genes_mdv2','WHR','NULL'),('P_FE_INV','ExSeq_13k_ea_genes_mdv2','WHR','TRUST'),('SE','ExSeq_13k_ea_genes_mdv2','WHR','NULL'),('BETA','ExSeq_13k_ea_genes_mdv3','BMI','NULL'),('MAC_PH','ExSeq_13k_ea_genes_mdv3','BMI','NULL'),('N_PH','ExSeq_13k_ea_genes_mdv3','BMI','NULL'),('P_FE_INV','ExSeq_13k_ea_genes_mdv3','BMI','TRUST'),('SE','ExSeq_13k_ea_genes_mdv3','BMI','NULL'),('BETA','ExSeq_13k_ea_genes_mdv3','CHOL','NULL'),('MAC_PH','ExSeq_13k_ea_genes_mdv3','CHOL','NULL'),('N_PH','ExSeq_13k_ea_genes_mdv3','CHOL','NULL'),('P_FE_INV','ExSeq_13k_ea_genes_mdv3','CHOL','TRUST'),('SE','ExSeq_13k_ea_genes_mdv3','CHOL','NULL'),('BETA','ExSeq_13k_ea_genes_mdv3','DBP','NULL'),('MAC_PH','ExSeq_13k_ea_genes_mdv3','DBP','NULL'),('N_PH','ExSeq_13k_ea_genes_mdv3','DBP','NULL'),('P_FE_INV','ExSeq_13k_ea_genes_mdv3','DBP','TRUST'),('SE','ExSeq_13k_ea_genes_mdv3','DBP','NULL'),('BETA','ExSeq_13k_ea_genes_mdv3','FG','NULL'),('MAC_PH','ExSeq_13k_ea_genes_mdv3','FG','NULL'),('N_PH','ExSeq_13k_ea_genes_mdv3','FG','NULL'),('P_FE_INV','ExSeq_13k_ea_genes_mdv3','FG','TRUST'),('SE','ExSeq_13k_ea_genes_mdv3','FG','NULL'),('BETA','ExSeq_13k_ea_genes_mdv3','FI','NULL'),('MAC_PH','ExSeq_13k_ea_genes_mdv3','FI','NULL'),('N_PH','ExSeq_13k_ea_genes_mdv3','FI','NULL'),('P_FE_INV','ExSeq_13k_ea_genes_mdv3','FI','TRUST'),('SE','ExSeq_13k_ea_genes_mdv3','FI','NULL'),('BETA','ExSeq_13k_ea_genes_mdv3','HBA1C','NULL'),('MAC_PH','ExSeq_13k_ea_genes_mdv3','HBA1C','NULL'),('N_PH','ExSeq_13k_ea_genes_mdv3','HBA1C','NULL'),('P_FE_INV','ExSeq_13k_ea_genes_mdv3','HBA1C','TRUST'),('SE','ExSeq_13k_ea_genes_mdv3','HBA1C','NULL'),('BETA','ExSeq_13k_ea_genes_mdv3','HDL','NULL'),('MAC_PH','ExSeq_13k_ea_genes_mdv3','HDL','NULL'),('N_PH','ExSeq_13k_ea_genes_mdv3','HDL','NULL'),('P_FE_INV','ExSeq_13k_ea_genes_mdv3','HDL','TRUST'),('SE','ExSeq_13k_ea_genes_mdv3','HDL','NULL'),('BETA','ExSeq_13k_ea_genes_mdv3','HEIGHT','NULL'),('MAC_PH','ExSeq_13k_ea_genes_mdv3','HEIGHT','NULL'),('N_PH','ExSeq_13k_ea_genes_mdv3','HEIGHT','NULL'),('P_FE_INV','ExSeq_13k_ea_genes_mdv3','HEIGHT','TRUST'),('SE','ExSeq_13k_ea_genes_mdv3','HEIGHT','NULL'),('BETA','ExSeq_13k_ea_genes_mdv3','HIPC','NULL'),('MAC_PH','ExSeq_13k_ea_genes_mdv3','HIPC','NULL'),('N_PH','ExSeq_13k_ea_genes_mdv3','HIPC','NULL'),('P_FE_INV','ExSeq_13k_ea_genes_mdv3','HIPC','TRUST'),('SE','ExSeq_13k_ea_genes_mdv3','HIPC','NULL'),('BETA','ExSeq_13k_ea_genes_mdv3','LDL','NULL'),('MAC_PH','ExSeq_13k_ea_genes_mdv3','LDL','NULL'),('N_PH','ExSeq_13k_ea_genes_mdv3','LDL','NULL'),('P_FE_INV','ExSeq_13k_ea_genes_mdv3','LDL','TRUST'),('SE','ExSeq_13k_ea_genes_mdv3','LDL','NULL'),('BETA','ExSeq_13k_ea_genes_mdv3','SBP','NULL'),('MAC_PH','ExSeq_13k_ea_genes_mdv3','SBP','NULL'),('N_PH','ExSeq_13k_ea_genes_mdv3','SBP','NULL'),('P_FE_INV','ExSeq_13k_ea_genes_mdv3','SBP','TRUST'),('SE','ExSeq_13k_ea_genes_mdv3','SBP','NULL'),('BETA','ExSeq_13k_ea_genes_mdv3','TG','NULL'),('MAC_PH','ExSeq_13k_ea_genes_mdv3','TG','NULL'),('N_PH','ExSeq_13k_ea_genes_mdv3','TG','NULL'),('P_FE_INV','ExSeq_13k_ea_genes_mdv3','TG','TRUST'),('SE','ExSeq_13k_ea_genes_mdv3','TG','NULL'),('BETA','ExSeq_13k_ea_genes_mdv3','WAIST','NULL'),('MAC_PH','ExSeq_13k_ea_genes_mdv3','WAIST','NULL'),('N_PH','ExSeq_13k_ea_genes_mdv3','WAIST','NULL'),('P_FE_INV','ExSeq_13k_ea_genes_mdv3','WAIST','TRUST'),('SE','ExSeq_13k_ea_genes_mdv3','WAIST','NULL'),('BETA','ExSeq_13k_ea_genes_mdv3','WHR','NULL'),('MAC_PH','ExSeq_13k_ea_genes_mdv3','WHR','NULL'),('N_PH','ExSeq_13k_ea_genes_mdv3','WHR','NULL'),('P_FE_INV','ExSeq_13k_ea_genes_mdv3','WHR','TRUST'),('SE','ExSeq_13k_ea_genes_mdv3','WHR','NULL'),('HETA','ExSeq_13k_eu_genes_mdv1','T2D','NULL'),('HETU','ExSeq_13k_eu_genes_mdv1','T2D','NULL'),('HOMA','ExSeq_13k_eu_genes_mdv1','T2D','NULL'),('HOMU','ExSeq_13k_eu_genes_mdv1','T2D','NULL'),('MINA','ExSeq_13k_eu_genes_mdv1','T2D','NULL'),('MINU','ExSeq_13k_eu_genes_mdv1','T2D','NULL'),('OBSA','ExSeq_13k_eu_genes_mdv1','T2D','NULL'),('OBSU','ExSeq_13k_eu_genes_mdv1','T2D','NULL'),('OR_FISH','ExSeq_13k_eu_genes_mdv1','T2D','OR_TRUST'),('P_EMMAX','ExSeq_13k_eu_genes_mdv1','T2D','TRUST'),('TRUST','ExSeq_13k_eu_genes_mdv1','T2D','NULL'),('HETA','ExSeq_13k_eu_go_mdv1','T2D','NULL'),('HETU','ExSeq_13k_eu_go_mdv1','T2D','NULL'),('HOMA','ExSeq_13k_eu_go_mdv1','T2D','NULL'),('HOMU','ExSeq_13k_eu_go_mdv1','T2D','NULL'),('MINA','ExSeq_13k_eu_go_mdv1','T2D','NULL'),('MINU','ExSeq_13k_eu_go_mdv1','T2D','NULL'),('OBSA','ExSeq_13k_eu_go_mdv1','T2D','NULL'),('OBSU','ExSeq_13k_eu_go_mdv1','T2D','NULL'),('OR_FISH','ExSeq_13k_eu_go_mdv1','T2D','OR_TRUST'),('P_EMMAX','ExSeq_13k_eu_go_mdv1','T2D','TRUST'),('TRUST','ExSeq_13k_eu_go_mdv1','T2D','NULL'),('BETA','ExSeq_13k_eu_mdv1','BMI','NULL'),('MAC_PH','ExSeq_13k_eu_mdv1','BMI','NULL'),('N_PH','ExSeq_13k_eu_mdv1','BMI','NULL'),('P_FE_INV','ExSeq_13k_eu_mdv1','BMI','TRUST'),('SE','ExSeq_13k_eu_mdv1','BMI','NULL'),('BETA','ExSeq_13k_eu_mdv1','CHOL','NULL'),('MAC_PH','ExSeq_13k_eu_mdv1','CHOL','NULL'),('N_PH','ExSeq_13k_eu_mdv1','CHOL','NULL'),('P_FE_INV','ExSeq_13k_eu_mdv1','CHOL','TRUST'),('SE','ExSeq_13k_eu_mdv1','CHOL','NULL'),('BETA','ExSeq_13k_eu_mdv1','DBP','NULL'),('MAC_PH','ExSeq_13k_eu_mdv1','DBP','NULL'),('N_PH','ExSeq_13k_eu_mdv1','DBP','NULL'),('P_FE_INV','ExSeq_13k_eu_mdv1','DBP','TRUST'),('SE','ExSeq_13k_eu_mdv1','DBP','NULL'),('BETA','ExSeq_13k_eu_mdv1','FG','NULL'),('MAC_PH','ExSeq_13k_eu_mdv1','FG','NULL'),('N_PH','ExSeq_13k_eu_mdv1','FG','NULL'),('P_FE_INV','ExSeq_13k_eu_mdv1','FG','TRUST'),('SE','ExSeq_13k_eu_mdv1','FG','NULL'),('BETA','ExSeq_13k_eu_mdv1','FI','NULL'),('MAC_PH','ExSeq_13k_eu_mdv1','FI','NULL'),('N_PH','ExSeq_13k_eu_mdv1','FI','NULL'),('P_FE_INV','ExSeq_13k_eu_mdv1','FI','TRUST'),('SE','ExSeq_13k_eu_mdv1','FI','NULL'),('BETA','ExSeq_13k_eu_mdv1','HBA1C','NULL'),('MAC_PH','ExSeq_13k_eu_mdv1','HBA1C','NULL'),('N_PH','ExSeq_13k_eu_mdv1','HBA1C','NULL'),('P_FE_INV','ExSeq_13k_eu_mdv1','HBA1C','TRUST'),('SE','ExSeq_13k_eu_mdv1','HBA1C','NULL'),('BETA','ExSeq_13k_eu_mdv1','HDL','NULL'),('MAC_PH','ExSeq_13k_eu_mdv1','HDL','NULL'),('N_PH','ExSeq_13k_eu_mdv1','HDL','NULL'),('P_FE_INV','ExSeq_13k_eu_mdv1','HDL','TRUST'),('SE','ExSeq_13k_eu_mdv1','HDL','NULL'),('BETA','ExSeq_13k_eu_mdv1','HEIGHT','NULL'),('MAC_PH','ExSeq_13k_eu_mdv1','HEIGHT','NULL'),('N_PH','ExSeq_13k_eu_mdv1','HEIGHT','NULL'),('P_FE_INV','ExSeq_13k_eu_mdv1','HEIGHT','TRUST'),('SE','ExSeq_13k_eu_mdv1','HEIGHT','NULL'),('BETA','ExSeq_13k_eu_mdv1','HIPC','NULL'),('MAC_PH','ExSeq_13k_eu_mdv1','HIPC','NULL'),('N_PH','ExSeq_13k_eu_mdv1','HIPC','NULL'),('P_FE_INV','ExSeq_13k_eu_mdv1','HIPC','TRUST'),('SE','ExSeq_13k_eu_mdv1','HIPC','NULL'),('BETA','ExSeq_13k_eu_mdv1','LDL','NULL'),('MAC_PH','ExSeq_13k_eu_mdv1','LDL','NULL'),('N_PH','ExSeq_13k_eu_mdv1','LDL','NULL'),('P_FE_INV','ExSeq_13k_eu_mdv1','LDL','TRUST'),('SE','ExSeq_13k_eu_mdv1','LDL','NULL'),('BETA','ExSeq_13k_eu_mdv1','SBP','NULL'),('MAC_PH','ExSeq_13k_eu_mdv1','SBP','NULL'),('N_PH','ExSeq_13k_eu_mdv1','SBP','NULL'),('P_FE_INV','ExSeq_13k_eu_mdv1','SBP','TRUST'),('SE','ExSeq_13k_eu_mdv1','SBP','NULL'),('HETA','ExSeq_13k_eu_mdv1','T2D','NULL'),('HETU','ExSeq_13k_eu_mdv1','T2D','NULL'),('HOMA','ExSeq_13k_eu_mdv1','T2D','NULL'),('HOMU','ExSeq_13k_eu_mdv1','T2D','NULL'),('MINA','ExSeq_13k_eu_mdv1','T2D','NULL'),('MINU','ExSeq_13k_eu_mdv1','T2D','NULL'),('OBSA','ExSeq_13k_eu_mdv1','T2D','NULL'),('OBSU','ExSeq_13k_eu_mdv1','T2D','NULL'),('OR_WALD_DOS','ExSeq_13k_eu_mdv1','T2D','OR_TRUST'),('P_EMMAX','ExSeq_13k_eu_mdv1','T2D','TRUST'),('TRUST','ExSeq_13k_eu_mdv1','T2D','NULL'),('BETA','ExSeq_13k_eu_mdv1','TG','NULL'),('MAC_PH','ExSeq_13k_eu_mdv1','TG','NULL'),('N_PH','ExSeq_13k_eu_mdv1','TG','NULL'),('P_FE_INV','ExSeq_13k_eu_mdv1','TG','TRUST'),('SE','ExSeq_13k_eu_mdv1','TG','NULL'),('BETA','ExSeq_13k_eu_mdv1','WAIST','NULL'),('MAC_PH','ExSeq_13k_eu_mdv1','WAIST','NULL'),('N_PH','ExSeq_13k_eu_mdv1','WAIST','NULL'),('P_FE_INV','ExSeq_13k_eu_mdv1','WAIST','TRUST'),('SE','ExSeq_13k_eu_mdv1','WAIST','NULL'),('BETA','ExSeq_13k_eu_mdv1','WHR','NULL'),('MAC_PH','ExSeq_13k_eu_mdv1','WHR','NULL'),('N_PH','ExSeq_13k_eu_mdv1','WHR','NULL'),('P_FE_INV','ExSeq_13k_eu_mdv1','WHR','TRUST'),('SE','ExSeq_13k_eu_mdv1','WHR','NULL'),('BETA','ExSeq_13k_eu_mdv2','BMI','NULL'),('MAC_PH','ExSeq_13k_eu_mdv2','BMI','NULL'),('N_PH','ExSeq_13k_eu_mdv2','BMI','NULL'),('P_FE_INV','ExSeq_13k_eu_mdv2','BMI','TRUST'),('SE','ExSeq_13k_eu_mdv2','BMI','NULL'),('BETA','ExSeq_13k_eu_mdv2','CHOL','NULL'),('MAC_PH','ExSeq_13k_eu_mdv2','CHOL','NULL'),('N_PH','ExSeq_13k_eu_mdv2','CHOL','NULL'),('P_FE_INV','ExSeq_13k_eu_mdv2','CHOL','TRUST'),('SE','ExSeq_13k_eu_mdv2','CHOL','NULL'),('BETA','ExSeq_13k_eu_mdv2','DBP','NULL'),('MAC_PH','ExSeq_13k_eu_mdv2','DBP','NULL'),('N_PH','ExSeq_13k_eu_mdv2','DBP','NULL'),('P_FE_INV','ExSeq_13k_eu_mdv2','DBP','TRUST'),('SE','ExSeq_13k_eu_mdv2','DBP','NULL'),('BETA','ExSeq_13k_eu_mdv2','FG','NULL'),('MAC_PH','ExSeq_13k_eu_mdv2','FG','NULL'),('N_PH','ExSeq_13k_eu_mdv2','FG','NULL'),('P_FE_INV','ExSeq_13k_eu_mdv2','FG','TRUST'),('SE','ExSeq_13k_eu_mdv2','FG','NULL'),('BETA','ExSeq_13k_eu_mdv2','FI','NULL'),('MAC_PH','ExSeq_13k_eu_mdv2','FI','NULL'),('N_PH','ExSeq_13k_eu_mdv2','FI','NULL'),('P_FE_INV','ExSeq_13k_eu_mdv2','FI','TRUST'),('SE','ExSeq_13k_eu_mdv2','FI','NULL'),('BETA','ExSeq_13k_eu_mdv2','HBA1C','NULL'),('MAC_PH','ExSeq_13k_eu_mdv2','HBA1C','NULL'),('N_PH','ExSeq_13k_eu_mdv2','HBA1C','NULL'),('P_FE_INV','ExSeq_13k_eu_mdv2','HBA1C','TRUST'),('SE','ExSeq_13k_eu_mdv2','HBA1C','NULL'),('BETA','ExSeq_13k_eu_mdv2','HDL','NULL'),('MAC_PH','ExSeq_13k_eu_mdv2','HDL','NULL'),('N_PH','ExSeq_13k_eu_mdv2','HDL','NULL'),('P_FE_INV','ExSeq_13k_eu_mdv2','HDL','TRUST'),('SE','ExSeq_13k_eu_mdv2','HDL','NULL'),('BETA','ExSeq_13k_eu_mdv2','HEIGHT','NULL'),('MAC_PH','ExSeq_13k_eu_mdv2','HEIGHT','NULL'),('N_PH','ExSeq_13k_eu_mdv2','HEIGHT','NULL'),('P_FE_INV','ExSeq_13k_eu_mdv2','HEIGHT','TRUST'),('SE','ExSeq_13k_eu_mdv2','HEIGHT','NULL'),('BETA','ExSeq_13k_eu_mdv2','HIPC','NULL'),('MAC_PH','ExSeq_13k_eu_mdv2','HIPC','NULL'),('N_PH','ExSeq_13k_eu_mdv2','HIPC','NULL'),('P_FE_INV','ExSeq_13k_eu_mdv2','HIPC','TRUST'),('SE','ExSeq_13k_eu_mdv2','HIPC','NULL'),('BETA','ExSeq_13k_eu_mdv2','LDL','NULL'),('MAC_PH','ExSeq_13k_eu_mdv2','LDL','NULL'),('N_PH','ExSeq_13k_eu_mdv2','LDL','NULL'),('P_FE_INV','ExSeq_13k_eu_mdv2','LDL','TRUST'),('SE','ExSeq_13k_eu_mdv2','LDL','NULL'),('BETA','ExSeq_13k_eu_mdv2','SBP','NULL'),('MAC_PH','ExSeq_13k_eu_mdv2','SBP','NULL'),('N_PH','ExSeq_13k_eu_mdv2','SBP','NULL'),('P_FE_INV','ExSeq_13k_eu_mdv2','SBP','TRUST'),('SE','ExSeq_13k_eu_mdv2','SBP','NULL'),('BETA','ExSeq_13k_eu_mdv2','TG','NULL'),('MAC_PH','ExSeq_13k_eu_mdv2','TG','NULL'),('N_PH','ExSeq_13k_eu_mdv2','TG','NULL'),('P_FE_INV','ExSeq_13k_eu_mdv2','TG','TRUST'),('SE','ExSeq_13k_eu_mdv2','TG','NULL'),('BETA','ExSeq_13k_eu_mdv2','WAIST','NULL'),('MAC_PH','ExSeq_13k_eu_mdv2','WAIST','NULL'),('N_PH','ExSeq_13k_eu_mdv2','WAIST','NULL'),('P_FE_INV','ExSeq_13k_eu_mdv2','WAIST','TRUST'),('SE','ExSeq_13k_eu_mdv2','WAIST','NULL'),('BETA','ExSeq_13k_eu_mdv2','WHR','NULL'),('MAC_PH','ExSeq_13k_eu_mdv2','WHR','NULL'),('N_PH','ExSeq_13k_eu_mdv2','WHR','NULL'),('P_FE_INV','ExSeq_13k_eu_mdv2','WHR','TRUST'),('SE','ExSeq_13k_eu_mdv2','WHR','NULL'),('BETA','ExSeq_13k_eu_mdv3','BMI','NULL'),('MAC_PH','ExSeq_13k_eu_mdv3','BMI','NULL'),('N_PH','ExSeq_13k_eu_mdv3','BMI','NULL'),('P_FE_INV','ExSeq_13k_eu_mdv3','BMI','TRUST'),('SE','ExSeq_13k_eu_mdv3','BMI','NULL'),('BETA','ExSeq_13k_eu_mdv3','CHOL','NULL'),('MAC_PH','ExSeq_13k_eu_mdv3','CHOL','NULL'),('N_PH','ExSeq_13k_eu_mdv3','CHOL','NULL'),('P_FE_INV','ExSeq_13k_eu_mdv3','CHOL','TRUST'),('SE','ExSeq_13k_eu_mdv3','CHOL','NULL'),('BETA','ExSeq_13k_eu_mdv3','DBP','NULL'),('MAC_PH','ExSeq_13k_eu_mdv3','DBP','NULL'),('N_PH','ExSeq_13k_eu_mdv3','DBP','NULL'),('P_FE_INV','ExSeq_13k_eu_mdv3','DBP','TRUST'),('SE','ExSeq_13k_eu_mdv3','DBP','NULL'),('BETA','ExSeq_13k_eu_mdv3','FG','NULL'),('MAC_PH','ExSeq_13k_eu_mdv3','FG','NULL'),('N_PH','ExSeq_13k_eu_mdv3','FG','NULL'),('P_FE_INV','ExSeq_13k_eu_mdv3','FG','TRUST'),('SE','ExSeq_13k_eu_mdv3','FG','NULL'),('BETA','ExSeq_13k_eu_mdv3','FI','NULL'),('MAC_PH','ExSeq_13k_eu_mdv3','FI','NULL'),('N_PH','ExSeq_13k_eu_mdv3','FI','NULL'),('P_FE_INV','ExSeq_13k_eu_mdv3','FI','TRUST'),('SE','ExSeq_13k_eu_mdv3','FI','NULL'),('BETA','ExSeq_13k_eu_mdv3','HBA1C','NULL'),('MAC_PH','ExSeq_13k_eu_mdv3','HBA1C','NULL'),('N_PH','ExSeq_13k_eu_mdv3','HBA1C','NULL'),('P_FE_INV','ExSeq_13k_eu_mdv3','HBA1C','TRUST'),('SE','ExSeq_13k_eu_mdv3','HBA1C','NULL'),('BETA','ExSeq_13k_eu_mdv3','HDL','NULL'),('MAC_PH','ExSeq_13k_eu_mdv3','HDL','NULL'),('N_PH','ExSeq_13k_eu_mdv3','HDL','NULL'),('P_FE_INV','ExSeq_13k_eu_mdv3','HDL','TRUST'),('SE','ExSeq_13k_eu_mdv3','HDL','NULL'),('BETA','ExSeq_13k_eu_mdv3','HEIGHT','NULL'),('MAC_PH','ExSeq_13k_eu_mdv3','HEIGHT','NULL'),('N_PH','ExSeq_13k_eu_mdv3','HEIGHT','NULL'),('P_FE_INV','ExSeq_13k_eu_mdv3','HEIGHT','TRUST'),('SE','ExSeq_13k_eu_mdv3','HEIGHT','NULL'),('BETA','ExSeq_13k_eu_mdv3','HIPC','NULL'),('MAC_PH','ExSeq_13k_eu_mdv3','HIPC','NULL'),('N_PH','ExSeq_13k_eu_mdv3','HIPC','NULL'),('P_FE_INV','ExSeq_13k_eu_mdv3','HIPC','TRUST'),('SE','ExSeq_13k_eu_mdv3','HIPC','NULL'),('BETA','ExSeq_13k_eu_mdv3','LDL','NULL'),('MAC_PH','ExSeq_13k_eu_mdv3','LDL','NULL'),('N_PH','ExSeq_13k_eu_mdv3','LDL','NULL'),('P_FE_INV','ExSeq_13k_eu_mdv3','LDL','TRUST'),('SE','ExSeq_13k_eu_mdv3','LDL','NULL'),('BETA','ExSeq_13k_eu_mdv3','SBP','NULL'),('MAC_PH','ExSeq_13k_eu_mdv3','SBP','NULL'),('N_PH','ExSeq_13k_eu_mdv3','SBP','NULL'),('P_FE_INV','ExSeq_13k_eu_mdv3','SBP','TRUST'),('SE','ExSeq_13k_eu_mdv3','SBP','NULL'),('BETA','ExSeq_13k_eu_mdv3','TG','NULL'),('MAC_PH','ExSeq_13k_eu_mdv3','TG','NULL'),('N_PH','ExSeq_13k_eu_mdv3','TG','NULL'),('P_FE_INV','ExSeq_13k_eu_mdv3','TG','TRUST'),('SE','ExSeq_13k_eu_mdv3','TG','NULL'),('BETA','ExSeq_13k_eu_mdv3','WAIST','NULL'),('MAC_PH','ExSeq_13k_eu_mdv3','WAIST','NULL'),('N_PH','ExSeq_13k_eu_mdv3','WAIST','NULL'),('P_FE_INV','ExSeq_13k_eu_mdv3','WAIST','TRUST'),('SE','ExSeq_13k_eu_mdv3','WAIST','NULL'),('BETA','ExSeq_13k_eu_mdv3','WHR','NULL'),('MAC_PH','ExSeq_13k_eu_mdv3','WHR','NULL'),('N_PH','ExSeq_13k_eu_mdv3','WHR','NULL'),('P_FE_INV','ExSeq_13k_eu_mdv3','WHR','TRUST'),('SE','ExSeq_13k_eu_mdv3','WHR','NULL'),('BETA','ExSeq_13k_hs_genes_mdv1','BMI','NULL'),('MAC_PH','ExSeq_13k_hs_genes_mdv1','BMI','NULL'),('N_PH','ExSeq_13k_hs_genes_mdv1','BMI','NULL'),('P_FE_INV','ExSeq_13k_hs_genes_mdv1','BMI','TRUST'),('SE','ExSeq_13k_hs_genes_mdv1','BMI','NULL'),('BETA','ExSeq_13k_hs_genes_mdv1','CHOL','NULL'),('MAC_PH','ExSeq_13k_hs_genes_mdv1','CHOL','NULL'),('N_PH','ExSeq_13k_hs_genes_mdv1','CHOL','NULL'),('P_FE_INV','ExSeq_13k_hs_genes_mdv1','CHOL','TRUST'),('SE','ExSeq_13k_hs_genes_mdv1','CHOL','NULL'),('BETA','ExSeq_13k_hs_genes_mdv1','DBP','NULL'),('MAC_PH','ExSeq_13k_hs_genes_mdv1','DBP','NULL'),('N_PH','ExSeq_13k_hs_genes_mdv1','DBP','NULL'),('P_FE_INV','ExSeq_13k_hs_genes_mdv1','DBP','TRUST'),('SE','ExSeq_13k_hs_genes_mdv1','DBP','NULL'),('BETA','ExSeq_13k_hs_genes_mdv1','FG','NULL'),('MAC_PH','ExSeq_13k_hs_genes_mdv1','FG','NULL'),('N_PH','ExSeq_13k_hs_genes_mdv1','FG','NULL'),('P_FE_INV','ExSeq_13k_hs_genes_mdv1','FG','TRUST'),('SE','ExSeq_13k_hs_genes_mdv1','FG','NULL'),('BETA','ExSeq_13k_hs_genes_mdv1','FI','NULL'),('MAC_PH','ExSeq_13k_hs_genes_mdv1','FI','NULL'),('N_PH','ExSeq_13k_hs_genes_mdv1','FI','NULL'),('P_FE_INV','ExSeq_13k_hs_genes_mdv1','FI','TRUST'),('SE','ExSeq_13k_hs_genes_mdv1','FI','NULL'),('BETA','ExSeq_13k_hs_genes_mdv1','HBA1C','NULL'),('MAC_PH','ExSeq_13k_hs_genes_mdv1','HBA1C','NULL'),('N_PH','ExSeq_13k_hs_genes_mdv1','HBA1C','NULL'),('P_FE_INV','ExSeq_13k_hs_genes_mdv1','HBA1C','TRUST'),('SE','ExSeq_13k_hs_genes_mdv1','HBA1C','NULL'),('BETA','ExSeq_13k_hs_genes_mdv1','HDL','NULL'),('MAC_PH','ExSeq_13k_hs_genes_mdv1','HDL','NULL'),('N_PH','ExSeq_13k_hs_genes_mdv1','HDL','NULL'),('P_FE_INV','ExSeq_13k_hs_genes_mdv1','HDL','TRUST'),('SE','ExSeq_13k_hs_genes_mdv1','HDL','NULL'),('BETA','ExSeq_13k_hs_genes_mdv1','HEIGHT','NULL'),('MAC_PH','ExSeq_13k_hs_genes_mdv1','HEIGHT','NULL'),('N_PH','ExSeq_13k_hs_genes_mdv1','HEIGHT','NULL'),('P_FE_INV','ExSeq_13k_hs_genes_mdv1','HEIGHT','TRUST'),('SE','ExSeq_13k_hs_genes_mdv1','HEIGHT','NULL'),('BETA','ExSeq_13k_hs_genes_mdv1','HIPC','NULL'),('MAC_PH','ExSeq_13k_hs_genes_mdv1','HIPC','NULL'),('N_PH','ExSeq_13k_hs_genes_mdv1','HIPC','NULL'),('P_FE_INV','ExSeq_13k_hs_genes_mdv1','HIPC','TRUST'),('SE','ExSeq_13k_hs_genes_mdv1','HIPC','NULL'),('BETA','ExSeq_13k_hs_genes_mdv1','LDL','NULL'),('MAC_PH','ExSeq_13k_hs_genes_mdv1','LDL','NULL'),('N_PH','ExSeq_13k_hs_genes_mdv1','LDL','NULL'),('P_FE_INV','ExSeq_13k_hs_genes_mdv1','LDL','TRUST'),('SE','ExSeq_13k_hs_genes_mdv1','LDL','NULL'),('BETA','ExSeq_13k_hs_genes_mdv1','SBP','NULL'),('MAC_PH','ExSeq_13k_hs_genes_mdv1','SBP','NULL'),('N_PH','ExSeq_13k_hs_genes_mdv1','SBP','NULL'),('P_FE_INV','ExSeq_13k_hs_genes_mdv1','SBP','TRUST'),('SE','ExSeq_13k_hs_genes_mdv1','SBP','NULL'),('HETA','ExSeq_13k_hs_genes_mdv1','T2D','NULL'),('HETU','ExSeq_13k_hs_genes_mdv1','T2D','NULL'),('HOMA','ExSeq_13k_hs_genes_mdv1','T2D','NULL'),('HOMU','ExSeq_13k_hs_genes_mdv1','T2D','NULL'),('MINA','ExSeq_13k_hs_genes_mdv1','T2D','NULL'),('MINU','ExSeq_13k_hs_genes_mdv1','T2D','NULL'),('OBSA','ExSeq_13k_hs_genes_mdv1','T2D','NULL'),('OBSU','ExSeq_13k_hs_genes_mdv1','T2D','NULL'),('OR_WALD_DOS','ExSeq_13k_hs_genes_mdv1','T2D','OR_TRUST'),('P_EMMAX','ExSeq_13k_hs_genes_mdv1','T2D','TRUST'),('TRUST','ExSeq_13k_hs_genes_mdv1','T2D','NULL'),('BETA','ExSeq_13k_hs_genes_mdv1','TG','NULL'),('MAC_PH','ExSeq_13k_hs_genes_mdv1','TG','NULL'),('N_PH','ExSeq_13k_hs_genes_mdv1','TG','NULL'),('P_FE_INV','ExSeq_13k_hs_genes_mdv1','TG','TRUST'),('SE','ExSeq_13k_hs_genes_mdv1','TG','NULL'),('BETA','ExSeq_13k_hs_genes_mdv1','WAIST','NULL'),('MAC_PH','ExSeq_13k_hs_genes_mdv1','WAIST','NULL'),('N_PH','ExSeq_13k_hs_genes_mdv1','WAIST','NULL'),('P_FE_INV','ExSeq_13k_hs_genes_mdv1','WAIST','TRUST'),('SE','ExSeq_13k_hs_genes_mdv1','WAIST','NULL'),('BETA','ExSeq_13k_hs_genes_mdv1','WHR','NULL'),('MAC_PH','ExSeq_13k_hs_genes_mdv1','WHR','NULL'),('N_PH','ExSeq_13k_hs_genes_mdv1','WHR','NULL'),('P_FE_INV','ExSeq_13k_hs_genes_mdv1','WHR','TRUST'),('SE','ExSeq_13k_hs_genes_mdv1','WHR','NULL'),('BETA','ExSeq_13k_hs_genes_mdv2','BMI','NULL'),('MAC_PH','ExSeq_13k_hs_genes_mdv2','BMI','NULL'),('N_PH','ExSeq_13k_hs_genes_mdv2','BMI','NULL'),('P_FE_INV','ExSeq_13k_hs_genes_mdv2','BMI','TRUST'),('SE','ExSeq_13k_hs_genes_mdv2','BMI','NULL'),('BETA','ExSeq_13k_hs_genes_mdv2','CHOL','NULL'),('MAC_PH','ExSeq_13k_hs_genes_mdv2','CHOL','NULL'),('N_PH','ExSeq_13k_hs_genes_mdv2','CHOL','NULL'),('P_FE_INV','ExSeq_13k_hs_genes_mdv2','CHOL','TRUST'),('SE','ExSeq_13k_hs_genes_mdv2','CHOL','NULL'),('BETA','ExSeq_13k_hs_genes_mdv2','DBP','NULL'),('MAC_PH','ExSeq_13k_hs_genes_mdv2','DBP','NULL'),('N_PH','ExSeq_13k_hs_genes_mdv2','DBP','NULL'),('P_FE_INV','ExSeq_13k_hs_genes_mdv2','DBP','TRUST'),('SE','ExSeq_13k_hs_genes_mdv2','DBP','NULL'),('BETA','ExSeq_13k_hs_genes_mdv2','FG','NULL'),('MAC_PH','ExSeq_13k_hs_genes_mdv2','FG','NULL'),('N_PH','ExSeq_13k_hs_genes_mdv2','FG','NULL'),('P_FE_INV','ExSeq_13k_hs_genes_mdv2','FG','TRUST'),('SE','ExSeq_13k_hs_genes_mdv2','FG','NULL'),('BETA','ExSeq_13k_hs_genes_mdv2','FI','NULL'),('MAC_PH','ExSeq_13k_hs_genes_mdv2','FI','NULL'),('N_PH','ExSeq_13k_hs_genes_mdv2','FI','NULL'),('P_FE_INV','ExSeq_13k_hs_genes_mdv2','FI','TRUST'),('SE','ExSeq_13k_hs_genes_mdv2','FI','NULL'),('BETA','ExSeq_13k_hs_genes_mdv2','HBA1C','NULL'),('MAC_PH','ExSeq_13k_hs_genes_mdv2','HBA1C','NULL'),('N_PH','ExSeq_13k_hs_genes_mdv2','HBA1C','NULL'),('P_FE_INV','ExSeq_13k_hs_genes_mdv2','HBA1C','TRUST'),('SE','ExSeq_13k_hs_genes_mdv2','HBA1C','NULL'),('BETA','ExSeq_13k_hs_genes_mdv2','HDL','NULL'),('MAC_PH','ExSeq_13k_hs_genes_mdv2','HDL','NULL'),('N_PH','ExSeq_13k_hs_genes_mdv2','HDL','NULL'),('P_FE_INV','ExSeq_13k_hs_genes_mdv2','HDL','TRUST'),('SE','ExSeq_13k_hs_genes_mdv2','HDL','NULL'),('BETA','ExSeq_13k_hs_genes_mdv2','HEIGHT','NULL'),('MAC_PH','ExSeq_13k_hs_genes_mdv2','HEIGHT','NULL'),('N_PH','ExSeq_13k_hs_genes_mdv2','HEIGHT','NULL'),('P_FE_INV','ExSeq_13k_hs_genes_mdv2','HEIGHT','TRUST'),('SE','ExSeq_13k_hs_genes_mdv2','HEIGHT','NULL'),('BETA','ExSeq_13k_hs_genes_mdv2','HIPC','NULL'),('MAC_PH','ExSeq_13k_hs_genes_mdv2','HIPC','NULL'),('N_PH','ExSeq_13k_hs_genes_mdv2','HIPC','NULL'),('P_FE_INV','ExSeq_13k_hs_genes_mdv2','HIPC','TRUST'),('SE','ExSeq_13k_hs_genes_mdv2','HIPC','NULL'),('BETA','ExSeq_13k_hs_genes_mdv2','LDL','NULL'),('MAC_PH','ExSeq_13k_hs_genes_mdv2','LDL','NULL'),('N_PH','ExSeq_13k_hs_genes_mdv2','LDL','NULL'),('P_FE_INV','ExSeq_13k_hs_genes_mdv2','LDL','TRUST'),('SE','ExSeq_13k_hs_genes_mdv2','LDL','NULL'),('BETA','ExSeq_13k_hs_genes_mdv2','SBP','NULL'),('MAC_PH','ExSeq_13k_hs_genes_mdv2','SBP','NULL'),('N_PH','ExSeq_13k_hs_genes_mdv2','SBP','NULL'),('P_FE_INV','ExSeq_13k_hs_genes_mdv2','SBP','TRUST'),('SE','ExSeq_13k_hs_genes_mdv2','SBP','NULL'),('BETA','ExSeq_13k_hs_genes_mdv2','TG','NULL'),('MAC_PH','ExSeq_13k_hs_genes_mdv2','TG','NULL'),('N_PH','ExSeq_13k_hs_genes_mdv2','TG','NULL'),('P_FE_INV','ExSeq_13k_hs_genes_mdv2','TG','TRUST'),('SE','ExSeq_13k_hs_genes_mdv2','TG','NULL'),('BETA','ExSeq_13k_hs_genes_mdv2','WAIST','NULL'),('MAC_PH','ExSeq_13k_hs_genes_mdv2','WAIST','NULL'),('N_PH','ExSeq_13k_hs_genes_mdv2','WAIST','NULL'),('P_FE_INV','ExSeq_13k_hs_genes_mdv2','WAIST','TRUST'),('SE','ExSeq_13k_hs_genes_mdv2','WAIST','NULL'),('BETA','ExSeq_13k_hs_genes_mdv2','WHR','NULL'),('MAC_PH','ExSeq_13k_hs_genes_mdv2','WHR','NULL'),('N_PH','ExSeq_13k_hs_genes_mdv2','WHR','NULL'),('P_FE_INV','ExSeq_13k_hs_genes_mdv2','WHR','TRUST'),('SE','ExSeq_13k_hs_genes_mdv2','WHR','NULL'),('BETA','ExSeq_13k_hs_genes_mdv3','BMI','NULL'),('MAC_PH','ExSeq_13k_hs_genes_mdv3','BMI','NULL'),('N_PH','ExSeq_13k_hs_genes_mdv3','BMI','NULL'),('P_FE_INV','ExSeq_13k_hs_genes_mdv3','BMI','TRUST'),('SE','ExSeq_13k_hs_genes_mdv3','BMI','NULL'),('BETA','ExSeq_13k_hs_genes_mdv3','CHOL','NULL'),('MAC_PH','ExSeq_13k_hs_genes_mdv3','CHOL','NULL'),('N_PH','ExSeq_13k_hs_genes_mdv3','CHOL','NULL'),('P_FE_INV','ExSeq_13k_hs_genes_mdv3','CHOL','TRUST'),('SE','ExSeq_13k_hs_genes_mdv3','CHOL','NULL'),('BETA','ExSeq_13k_hs_genes_mdv3','DBP','NULL'),('MAC_PH','ExSeq_13k_hs_genes_mdv3','DBP','NULL'),('N_PH','ExSeq_13k_hs_genes_mdv3','DBP','NULL'),('P_FE_INV','ExSeq_13k_hs_genes_mdv3','DBP','TRUST'),('SE','ExSeq_13k_hs_genes_mdv3','DBP','NULL'),('BETA','ExSeq_13k_hs_genes_mdv3','FG','NULL'),('MAC_PH','ExSeq_13k_hs_genes_mdv3','FG','NULL'),('N_PH','ExSeq_13k_hs_genes_mdv3','FG','NULL'),('P_FE_INV','ExSeq_13k_hs_genes_mdv3','FG','TRUST'),('SE','ExSeq_13k_hs_genes_mdv3','FG','NULL'),('BETA','ExSeq_13k_hs_genes_mdv3','FI','NULL'),('MAC_PH','ExSeq_13k_hs_genes_mdv3','FI','NULL'),('N_PH','ExSeq_13k_hs_genes_mdv3','FI','NULL'),('P_FE_INV','ExSeq_13k_hs_genes_mdv3','FI','TRUST'),('SE','ExSeq_13k_hs_genes_mdv3','FI','NULL'),('BETA','ExSeq_13k_hs_genes_mdv3','HBA1C','NULL'),('MAC_PH','ExSeq_13k_hs_genes_mdv3','HBA1C','NULL'),('N_PH','ExSeq_13k_hs_genes_mdv3','HBA1C','NULL'),('P_FE_INV','ExSeq_13k_hs_genes_mdv3','HBA1C','TRUST'),('SE','ExSeq_13k_hs_genes_mdv3','HBA1C','NULL'),('BETA','ExSeq_13k_hs_genes_mdv3','HDL','NULL'),('MAC_PH','ExSeq_13k_hs_genes_mdv3','HDL','NULL'),('N_PH','ExSeq_13k_hs_genes_mdv3','HDL','NULL'),('P_FE_INV','ExSeq_13k_hs_genes_mdv3','HDL','TRUST'),('SE','ExSeq_13k_hs_genes_mdv3','HDL','NULL'),('BETA','ExSeq_13k_hs_genes_mdv3','HEIGHT','NULL'),('MAC_PH','ExSeq_13k_hs_genes_mdv3','HEIGHT','NULL'),('N_PH','ExSeq_13k_hs_genes_mdv3','HEIGHT','NULL'),('P_FE_INV','ExSeq_13k_hs_genes_mdv3','HEIGHT','TRUST'),('SE','ExSeq_13k_hs_genes_mdv3','HEIGHT','NULL'),('BETA','ExSeq_13k_hs_genes_mdv3','HIPC','NULL'),('MAC_PH','ExSeq_13k_hs_genes_mdv3','HIPC','NULL'),('N_PH','ExSeq_13k_hs_genes_mdv3','HIPC','NULL'),('P_FE_INV','ExSeq_13k_hs_genes_mdv3','HIPC','TRUST'),('SE','ExSeq_13k_hs_genes_mdv3','HIPC','NULL'),('BETA','ExSeq_13k_hs_genes_mdv3','LDL','NULL'),('MAC_PH','ExSeq_13k_hs_genes_mdv3','LDL','NULL'),('N_PH','ExSeq_13k_hs_genes_mdv3','LDL','NULL'),('P_FE_INV','ExSeq_13k_hs_genes_mdv3','LDL','TRUST'),('SE','ExSeq_13k_hs_genes_mdv3','LDL','NULL'),('BETA','ExSeq_13k_hs_genes_mdv3','SBP','NULL'),('MAC_PH','ExSeq_13k_hs_genes_mdv3','SBP','NULL'),('N_PH','ExSeq_13k_hs_genes_mdv3','SBP','NULL'),('P_FE_INV','ExSeq_13k_hs_genes_mdv3','SBP','TRUST'),('SE','ExSeq_13k_hs_genes_mdv3','SBP','NULL'),('BETA','ExSeq_13k_hs_genes_mdv3','TG','NULL'),('MAC_PH','ExSeq_13k_hs_genes_mdv3','TG','NULL'),('N_PH','ExSeq_13k_hs_genes_mdv3','TG','NULL'),('P_FE_INV','ExSeq_13k_hs_genes_mdv3','TG','TRUST'),('SE','ExSeq_13k_hs_genes_mdv3','TG','NULL'),('BETA','ExSeq_13k_hs_genes_mdv3','WAIST','NULL'),('MAC_PH','ExSeq_13k_hs_genes_mdv3','WAIST','NULL'),('N_PH','ExSeq_13k_hs_genes_mdv3','WAIST','NULL'),('P_FE_INV','ExSeq_13k_hs_genes_mdv3','WAIST','TRUST'),('SE','ExSeq_13k_hs_genes_mdv3','WAIST','NULL'),('BETA','ExSeq_13k_hs_genes_mdv3','WHR','NULL'),('MAC_PH','ExSeq_13k_hs_genes_mdv3','WHR','NULL'),('N_PH','ExSeq_13k_hs_genes_mdv3','WHR','NULL'),('P_FE_INV','ExSeq_13k_hs_genes_mdv3','WHR','TRUST'),('SE','ExSeq_13k_hs_genes_mdv3','WHR','NULL'),('BETA','ExSeq_13k_mdv1','BMI','NULL'),('EAC_PH','ExSeq_13k_mdv1','BMI','NULL'),('N_PH','ExSeq_13k_mdv1','BMI','NULL'),('P_FE_INV','ExSeq_13k_mdv1','BMI','TRUST'),('SE','ExSeq_13k_mdv1','BMI','NULL'),('BETA','ExSeq_13k_mdv1','CHOL','NULL'),('EAC_PH','ExSeq_13k_mdv1','CHOL','NULL'),('N_PH','ExSeq_13k_mdv1','CHOL','NULL'),('P_FE_INV','ExSeq_13k_mdv1','CHOL','TRUST'),('SE','ExSeq_13k_mdv1','CHOL','NULL'),('BETA','ExSeq_13k_mdv1','DBP','NULL'),('EAC_PH','ExSeq_13k_mdv1','DBP','NULL'),('N_PH','ExSeq_13k_mdv1','DBP','NULL'),('P_FE_INV','ExSeq_13k_mdv1','DBP','TRUST'),('SE','ExSeq_13k_mdv1','DBP','NULL'),('BETA','ExSeq_13k_mdv1','FG','NULL'),('EAC_PH','ExSeq_13k_mdv1','FG','NULL'),('N_PH','ExSeq_13k_mdv1','FG','NULL'),('P_FE_INV','ExSeq_13k_mdv1','FG','TRUST'),('SE','ExSeq_13k_mdv1','FG','NULL'),('BETA','ExSeq_13k_mdv1','FI','NULL'),('EAC_PH','ExSeq_13k_mdv1','FI','NULL'),('N_PH','ExSeq_13k_mdv1','FI','NULL'),('P_FE_INV','ExSeq_13k_mdv1','FI','TRUST'),('SE','ExSeq_13k_mdv1','FI','NULL'),('BETA','ExSeq_13k_mdv1','HBA1C','NULL'),('EAC_PH','ExSeq_13k_mdv1','HBA1C','NULL'),('N_PH','ExSeq_13k_mdv1','HBA1C','NULL'),('P_FE_INV','ExSeq_13k_mdv1','HBA1C','TRUST'),('SE','ExSeq_13k_mdv1','HBA1C','NULL'),('BETA','ExSeq_13k_mdv1','HDL','NULL'),('EAC_PH','ExSeq_13k_mdv1','HDL','NULL'),('N_PH','ExSeq_13k_mdv1','HDL','NULL'),('P_FE_INV','ExSeq_13k_mdv1','HDL','TRUST'),('SE','ExSeq_13k_mdv1','HDL','NULL'),('BETA','ExSeq_13k_mdv1','HEIGHT','NULL'),('EAC_PH','ExSeq_13k_mdv1','HEIGHT','NULL'),('N_PH','ExSeq_13k_mdv1','HEIGHT','NULL'),('P_FE_INV','ExSeq_13k_mdv1','HEIGHT','TRUST'),('SE','ExSeq_13k_mdv1','HEIGHT','NULL'),('BETA','ExSeq_13k_mdv1','HIPC','NULL'),('EAC_PH','ExSeq_13k_mdv1','HIPC','NULL'),('N_PH','ExSeq_13k_mdv1','HIPC','NULL'),('P_FE_INV','ExSeq_13k_mdv1','HIPC','TRUST'),('SE','ExSeq_13k_mdv1','HIPC','NULL'),('BETA','ExSeq_13k_mdv1','LDL','NULL'),('EAC_PH','ExSeq_13k_mdv1','LDL','NULL'),('N_PH','ExSeq_13k_mdv1','LDL','NULL'),('P_FE_INV','ExSeq_13k_mdv1','LDL','TRUST'),('SE','ExSeq_13k_mdv1','LDL','NULL'),('BETA','ExSeq_13k_mdv1','SBP','NULL'),('EAC_PH','ExSeq_13k_mdv1','SBP','NULL'),('N_PH','ExSeq_13k_mdv1','SBP','NULL'),('P_FE_INV','ExSeq_13k_mdv1','SBP','TRUST'),('SE','ExSeq_13k_mdv1','SBP','NULL'),('HETA','ExSeq_13k_mdv1','T2D','NULL'),('HETU','ExSeq_13k_mdv1','T2D','NULL'),('HOMA','ExSeq_13k_mdv1','T2D','NULL'),('HOMU','ExSeq_13k_mdv1','T2D','NULL'),('MINA','ExSeq_13k_mdv1','T2D','NULL'),('MINU','ExSeq_13k_mdv1','T2D','NULL'),('OBSA','ExSeq_13k_mdv1','T2D','NULL'),('OBSU','ExSeq_13k_mdv1','T2D','NULL'),('OR_WALD_DOS_FE_IV','ExSeq_13k_mdv1','T2D','OR_TRUST'),('P_EMMAX_FE_IV','ExSeq_13k_mdv1','T2D','TRUST'),('TRUST','ExSeq_13k_mdv1','T2D','NULL'),('BETA','ExSeq_13k_mdv1','TG','NULL'),('EAC_PH','ExSeq_13k_mdv1','TG','NULL'),('N_PH','ExSeq_13k_mdv1','TG','NULL'),('P_FE_INV','ExSeq_13k_mdv1','TG','TRUST'),('SE','ExSeq_13k_mdv1','TG','NULL'),('BETA','ExSeq_13k_mdv1','WAIST','NULL'),('EAC_PH','ExSeq_13k_mdv1','WAIST','NULL'),('N_PH','ExSeq_13k_mdv1','WAIST','NULL'),('P_FE_INV','ExSeq_13k_mdv1','WAIST','TRUST'),('SE','ExSeq_13k_mdv1','WAIST','NULL'),('BETA','ExSeq_13k_mdv1','WHR','NULL'),('EAC_PH','ExSeq_13k_mdv1','WHR','NULL'),('N_PH','ExSeq_13k_mdv1','WHR','NULL'),('P_FE_INV','ExSeq_13k_mdv1','WHR','TRUST'),('SE','ExSeq_13k_mdv1','WHR','NULL'),('BETA','ExSeq_13k_mdv2','BMI','NULL'),('EAC_PH','ExSeq_13k_mdv2','BMI','NULL'),('N_PH','ExSeq_13k_mdv2','BMI','NULL'),('P_FE_INV','ExSeq_13k_mdv2','BMI','TRUST'),('SE','ExSeq_13k_mdv2','BMI','NULL'),('BETA','ExSeq_13k_mdv2','CHOL','NULL'),('EAC_PH','ExSeq_13k_mdv2','CHOL','NULL'),('N_PH','ExSeq_13k_mdv2','CHOL','NULL'),('P_FE_INV','ExSeq_13k_mdv2','CHOL','TRUST'),('SE','ExSeq_13k_mdv2','CHOL','NULL'),('BETA','ExSeq_13k_mdv2','DBP','NULL'),('EAC_PH','ExSeq_13k_mdv2','DBP','NULL'),('N_PH','ExSeq_13k_mdv2','DBP','NULL'),('P_FE_INV','ExSeq_13k_mdv2','DBP','TRUST'),('SE','ExSeq_13k_mdv2','DBP','NULL'),('BETA','ExSeq_13k_mdv2','FG','NULL'),('EAC_PH','ExSeq_13k_mdv2','FG','NULL'),('N_PH','ExSeq_13k_mdv2','FG','NULL'),('P_FE_INV','ExSeq_13k_mdv2','FG','TRUST'),('SE','ExSeq_13k_mdv2','FG','NULL'),('BETA','ExSeq_13k_mdv2','FI','NULL'),('EAC_PH','ExSeq_13k_mdv2','FI','NULL'),('N_PH','ExSeq_13k_mdv2','FI','NULL'),('P_FE_INV','ExSeq_13k_mdv2','FI','TRUST'),('SE','ExSeq_13k_mdv2','FI','NULL'),('BETA','ExSeq_13k_mdv2','HBA1C','NULL'),('EAC_PH','ExSeq_13k_mdv2','HBA1C','NULL'),('N_PH','ExSeq_13k_mdv2','HBA1C','NULL'),('P_FE_INV','ExSeq_13k_mdv2','HBA1C','TRUST'),('SE','ExSeq_13k_mdv2','HBA1C','NULL'),('BETA','ExSeq_13k_mdv2','HDL','NULL'),('EAC_PH','ExSeq_13k_mdv2','HDL','NULL'),('N_PH','ExSeq_13k_mdv2','HDL','NULL'),('P_FE_INV','ExSeq_13k_mdv2','HDL','TRUST'),('SE','ExSeq_13k_mdv2','HDL','NULL'),('BETA','ExSeq_13k_mdv2','HEIGHT','NULL'),('EAC_PH','ExSeq_13k_mdv2','HEIGHT','NULL'),('N_PH','ExSeq_13k_mdv2','HEIGHT','NULL'),('P_FE_INV','ExSeq_13k_mdv2','HEIGHT','TRUST'),('SE','ExSeq_13k_mdv2','HEIGHT','NULL'),('BETA','ExSeq_13k_mdv2','HIPC','NULL'),('EAC_PH','ExSeq_13k_mdv2','HIPC','NULL'),('N_PH','ExSeq_13k_mdv2','HIPC','NULL'),('P_FE_INV','ExSeq_13k_mdv2','HIPC','TRUST'),('SE','ExSeq_13k_mdv2','HIPC','NULL'),('BETA','ExSeq_13k_mdv2','LDL','NULL'),('EAC_PH','ExSeq_13k_mdv2','LDL','NULL'),('N_PH','ExSeq_13k_mdv2','LDL','NULL'),('P_FE_INV','ExSeq_13k_mdv2','LDL','TRUST'),('SE','ExSeq_13k_mdv2','LDL','NULL'),('BETA','ExSeq_13k_mdv2','SBP','NULL'),('EAC_PH','ExSeq_13k_mdv2','SBP','NULL'),('N_PH','ExSeq_13k_mdv2','SBP','NULL'),('P_FE_INV','ExSeq_13k_mdv2','SBP','TRUST'),('SE','ExSeq_13k_mdv2','SBP','NULL'),('BETA','ExSeq_13k_mdv2','TG','NULL'),('EAC_PH','ExSeq_13k_mdv2','TG','NULL'),('N_PH','ExSeq_13k_mdv2','TG','NULL'),('P_FE_INV','ExSeq_13k_mdv2','TG','TRUST'),('SE','ExSeq_13k_mdv2','TG','NULL'),('BETA','ExSeq_13k_mdv2','WAIST','NULL'),('EAC_PH','ExSeq_13k_mdv2','WAIST','NULL'),('N_PH','ExSeq_13k_mdv2','WAIST','NULL'),('P_FE_INV','ExSeq_13k_mdv2','WAIST','TRUST'),('SE','ExSeq_13k_mdv2','WAIST','NULL'),('BETA','ExSeq_13k_mdv2','WHR','NULL'),('EAC_PH','ExSeq_13k_mdv2','WHR','NULL'),('N_PH','ExSeq_13k_mdv2','WHR','NULL'),('P_FE_INV','ExSeq_13k_mdv2','WHR','TRUST'),('SE','ExSeq_13k_mdv2','WHR','NULL'),('BETA','ExSeq_13k_mdv3','BMI','NULL'),('EAC_PH','ExSeq_13k_mdv3','BMI','NULL'),('N_PH','ExSeq_13k_mdv3','BMI','NULL'),('P_FE_INV','ExSeq_13k_mdv3','BMI','TRUST'),('SE','ExSeq_13k_mdv3','BMI','NULL'),('BETA','ExSeq_13k_mdv3','CHOL','NULL'),('EAC_PH','ExSeq_13k_mdv3','CHOL','NULL'),('N_PH','ExSeq_13k_mdv3','CHOL','NULL'),('P_FE_INV','ExSeq_13k_mdv3','CHOL','TRUST'),('SE','ExSeq_13k_mdv3','CHOL','NULL'),('BETA','ExSeq_13k_mdv3','DBP','NULL'),('EAC_PH','ExSeq_13k_mdv3','DBP','NULL'),('N_PH','ExSeq_13k_mdv3','DBP','NULL'),('P_FE_INV','ExSeq_13k_mdv3','DBP','TRUST'),('SE','ExSeq_13k_mdv3','DBP','NULL'),('BETA','ExSeq_13k_mdv3','FG','NULL'),('EAC_PH','ExSeq_13k_mdv3','FG','NULL'),('N_PH','ExSeq_13k_mdv3','FG','NULL'),('P_FE_INV','ExSeq_13k_mdv3','FG','TRUST'),('SE','ExSeq_13k_mdv3','FG','NULL'),('BETA','ExSeq_13k_mdv3','FI','NULL'),('EAC_PH','ExSeq_13k_mdv3','FI','NULL'),('N_PH','ExSeq_13k_mdv3','FI','NULL'),('P_FE_INV','ExSeq_13k_mdv3','FI','TRUST'),('SE','ExSeq_13k_mdv3','FI','NULL'),('BETA','ExSeq_13k_mdv3','HBA1C','NULL'),('EAC_PH','ExSeq_13k_mdv3','HBA1C','NULL'),('N_PH','ExSeq_13k_mdv3','HBA1C','NULL'),('P_FE_INV','ExSeq_13k_mdv3','HBA1C','TRUST'),('SE','ExSeq_13k_mdv3','HBA1C','NULL'),('BETA','ExSeq_13k_mdv3','HDL','NULL'),('EAC_PH','ExSeq_13k_mdv3','HDL','NULL'),('N_PH','ExSeq_13k_mdv3','HDL','NULL'),('P_FE_INV','ExSeq_13k_mdv3','HDL','TRUST'),('SE','ExSeq_13k_mdv3','HDL','NULL'),('BETA','ExSeq_13k_mdv3','HEIGHT','NULL'),('EAC_PH','ExSeq_13k_mdv3','HEIGHT','NULL'),('N_PH','ExSeq_13k_mdv3','HEIGHT','NULL'),('P_FE_INV','ExSeq_13k_mdv3','HEIGHT','TRUST'),('SE','ExSeq_13k_mdv3','HEIGHT','NULL'),('BETA','ExSeq_13k_mdv3','HIPC','NULL'),('EAC_PH','ExSeq_13k_mdv3','HIPC','NULL'),('N_PH','ExSeq_13k_mdv3','HIPC','NULL'),('P_FE_INV','ExSeq_13k_mdv3','HIPC','TRUST'),('SE','ExSeq_13k_mdv3','HIPC','NULL'),('BETA','ExSeq_13k_mdv3','LDL','NULL'),('EAC_PH','ExSeq_13k_mdv3','LDL','NULL'),('N_PH','ExSeq_13k_mdv3','LDL','NULL'),('P_FE_INV','ExSeq_13k_mdv3','LDL','TRUST'),('SE','ExSeq_13k_mdv3','LDL','NULL'),('BETA','ExSeq_13k_mdv3','SBP','NULL'),('EAC_PH','ExSeq_13k_mdv3','SBP','NULL'),('N_PH','ExSeq_13k_mdv3','SBP','NULL'),('P_FE_INV','ExSeq_13k_mdv3','SBP','TRUST'),('SE','ExSeq_13k_mdv3','SBP','NULL'),('BETA','ExSeq_13k_mdv3','TG','NULL'),('EAC_PH','ExSeq_13k_mdv3','TG','NULL'),('N_PH','ExSeq_13k_mdv3','TG','NULL'),('P_FE_INV','ExSeq_13k_mdv3','TG','TRUST'),('SE','ExSeq_13k_mdv3','TG','NULL'),('BETA','ExSeq_13k_mdv3','WAIST','NULL'),('EAC_PH','ExSeq_13k_mdv3','WAIST','NULL'),('N_PH','ExSeq_13k_mdv3','WAIST','NULL'),('P_FE_INV','ExSeq_13k_mdv3','WAIST','TRUST'),('SE','ExSeq_13k_mdv3','WAIST','NULL'),('BETA','ExSeq_13k_mdv3','WHR','NULL'),('EAC_PH','ExSeq_13k_mdv3','WHR','NULL'),('N_PH','ExSeq_13k_mdv3','WHR','NULL'),('P_FE_INV','ExSeq_13k_mdv3','WHR','TRUST'),('SE','ExSeq_13k_mdv3','WHR','NULL'),('BETA','ExSeq_13k_sa_genes_mdv1','BMI','NULL'),('MAC_PH','ExSeq_13k_sa_genes_mdv1','BMI','NULL'),('N_PH','ExSeq_13k_sa_genes_mdv1','BMI','NULL'),('P_FE_INV','ExSeq_13k_sa_genes_mdv1','BMI','TRUST'),('SE','ExSeq_13k_sa_genes_mdv1','BMI','NULL'),('BETA','ExSeq_13k_sa_genes_mdv1','CHOL','NULL'),('MAC_PH','ExSeq_13k_sa_genes_mdv1','CHOL','NULL'),('N_PH','ExSeq_13k_sa_genes_mdv1','CHOL','NULL'),('P_FE_INV','ExSeq_13k_sa_genes_mdv1','CHOL','TRUST'),('SE','ExSeq_13k_sa_genes_mdv1','CHOL','NULL'),('BETA','ExSeq_13k_sa_genes_mdv1','DBP','NULL'),('MAC_PH','ExSeq_13k_sa_genes_mdv1','DBP','NULL'),('N_PH','ExSeq_13k_sa_genes_mdv1','DBP','NULL'),('P_FE_INV','ExSeq_13k_sa_genes_mdv1','DBP','TRUST'),('SE','ExSeq_13k_sa_genes_mdv1','DBP','NULL'),('BETA','ExSeq_13k_sa_genes_mdv1','FG','NULL'),('MAC_PH','ExSeq_13k_sa_genes_mdv1','FG','NULL'),('N_PH','ExSeq_13k_sa_genes_mdv1','FG','NULL'),('P_FE_INV','ExSeq_13k_sa_genes_mdv1','FG','TRUST'),('SE','ExSeq_13k_sa_genes_mdv1','FG','NULL'),('BETA','ExSeq_13k_sa_genes_mdv1','FI','NULL'),('MAC_PH','ExSeq_13k_sa_genes_mdv1','FI','NULL'),('N_PH','ExSeq_13k_sa_genes_mdv1','FI','NULL'),('P_FE_INV','ExSeq_13k_sa_genes_mdv1','FI','TRUST'),('SE','ExSeq_13k_sa_genes_mdv1','FI','NULL'),('BETA','ExSeq_13k_sa_genes_mdv1','HBA1C','NULL'),('MAC_PH','ExSeq_13k_sa_genes_mdv1','HBA1C','NULL'),('N_PH','ExSeq_13k_sa_genes_mdv1','HBA1C','NULL'),('P_FE_INV','ExSeq_13k_sa_genes_mdv1','HBA1C','TRUST'),('SE','ExSeq_13k_sa_genes_mdv1','HBA1C','NULL'),('BETA','ExSeq_13k_sa_genes_mdv1','HDL','NULL'),('MAC_PH','ExSeq_13k_sa_genes_mdv1','HDL','NULL'),('N_PH','ExSeq_13k_sa_genes_mdv1','HDL','NULL'),('P_FE_INV','ExSeq_13k_sa_genes_mdv1','HDL','TRUST'),('SE','ExSeq_13k_sa_genes_mdv1','HDL','NULL'),('BETA','ExSeq_13k_sa_genes_mdv1','HEIGHT','NULL'),('MAC_PH','ExSeq_13k_sa_genes_mdv1','HEIGHT','NULL'),('N_PH','ExSeq_13k_sa_genes_mdv1','HEIGHT','NULL'),('P_FE_INV','ExSeq_13k_sa_genes_mdv1','HEIGHT','TRUST'),('SE','ExSeq_13k_sa_genes_mdv1','HEIGHT','NULL'),('BETA','ExSeq_13k_sa_genes_mdv1','HIPC','NULL'),('MAC_PH','ExSeq_13k_sa_genes_mdv1','HIPC','NULL'),('N_PH','ExSeq_13k_sa_genes_mdv1','HIPC','NULL'),('P_FE_INV','ExSeq_13k_sa_genes_mdv1','HIPC','TRUST'),('SE','ExSeq_13k_sa_genes_mdv1','HIPC','NULL'),('BETA','ExSeq_13k_sa_genes_mdv1','LDL','NULL'),('MAC_PH','ExSeq_13k_sa_genes_mdv1','LDL','NULL'),('N_PH','ExSeq_13k_sa_genes_mdv1','LDL','NULL'),('P_FE_INV','ExSeq_13k_sa_genes_mdv1','LDL','TRUST'),('SE','ExSeq_13k_sa_genes_mdv1','LDL','NULL'),('BETA','ExSeq_13k_sa_genes_mdv1','SBP','NULL'),('MAC_PH','ExSeq_13k_sa_genes_mdv1','SBP','NULL'),('N_PH','ExSeq_13k_sa_genes_mdv1','SBP','NULL'),('P_FE_INV','ExSeq_13k_sa_genes_mdv1','SBP','TRUST'),('SE','ExSeq_13k_sa_genes_mdv1','SBP','NULL'),('HETA','ExSeq_13k_sa_genes_mdv1','T2D','NULL'),('HETU','ExSeq_13k_sa_genes_mdv1','T2D','NULL'),('HOMA','ExSeq_13k_sa_genes_mdv1','T2D','NULL'),('HOMU','ExSeq_13k_sa_genes_mdv1','T2D','NULL'),('MINA','ExSeq_13k_sa_genes_mdv1','T2D','NULL'),('MINU','ExSeq_13k_sa_genes_mdv1','T2D','NULL'),('OBSA','ExSeq_13k_sa_genes_mdv1','T2D','NULL'),('OBSU','ExSeq_13k_sa_genes_mdv1','T2D','NULL'),('OR_WALD_DOS','ExSeq_13k_sa_genes_mdv1','T2D','OR_TRUST'),('P_EMMAX','ExSeq_13k_sa_genes_mdv1','T2D','TRUST'),('TRUST','ExSeq_13k_sa_genes_mdv1','T2D','NULL'),('BETA','ExSeq_13k_sa_genes_mdv1','TG','NULL'),('MAC_PH','ExSeq_13k_sa_genes_mdv1','TG','NULL'),('N_PH','ExSeq_13k_sa_genes_mdv1','TG','NULL'),('P_FE_INV','ExSeq_13k_sa_genes_mdv1','TG','TRUST'),('SE','ExSeq_13k_sa_genes_mdv1','TG','NULL'),('BETA','ExSeq_13k_sa_genes_mdv1','WAIST','NULL'),('MAC_PH','ExSeq_13k_sa_genes_mdv1','WAIST','NULL'),('N_PH','ExSeq_13k_sa_genes_mdv1','WAIST','NULL'),('P_FE_INV','ExSeq_13k_sa_genes_mdv1','WAIST','TRUST'),('SE','ExSeq_13k_sa_genes_mdv1','WAIST','NULL'),('BETA','ExSeq_13k_sa_genes_mdv1','WHR','NULL'),('MAC_PH','ExSeq_13k_sa_genes_mdv1','WHR','NULL'),('N_PH','ExSeq_13k_sa_genes_mdv1','WHR','NULL'),('P_FE_INV','ExSeq_13k_sa_genes_mdv1','WHR','TRUST'),('SE','ExSeq_13k_sa_genes_mdv1','WHR','NULL'),('BETA','ExSeq_13k_sa_genes_mdv2','BMI','NULL'),('MAC_PH','ExSeq_13k_sa_genes_mdv2','BMI','NULL'),('N_PH','ExSeq_13k_sa_genes_mdv2','BMI','NULL'),('P_FE_INV','ExSeq_13k_sa_genes_mdv2','BMI','TRUST'),('SE','ExSeq_13k_sa_genes_mdv2','BMI','NULL'),('BETA','ExSeq_13k_sa_genes_mdv2','CHOL','NULL'),('MAC_PH','ExSeq_13k_sa_genes_mdv2','CHOL','NULL'),('N_PH','ExSeq_13k_sa_genes_mdv2','CHOL','NULL'),('P_FE_INV','ExSeq_13k_sa_genes_mdv2','CHOL','TRUST'),('SE','ExSeq_13k_sa_genes_mdv2','CHOL','NULL'),('BETA','ExSeq_13k_sa_genes_mdv2','DBP','NULL'),('MAC_PH','ExSeq_13k_sa_genes_mdv2','DBP','NULL'),('N_PH','ExSeq_13k_sa_genes_mdv2','DBP','NULL'),('P_FE_INV','ExSeq_13k_sa_genes_mdv2','DBP','TRUST'),('SE','ExSeq_13k_sa_genes_mdv2','DBP','NULL'),('BETA','ExSeq_13k_sa_genes_mdv2','FG','NULL'),('MAC_PH','ExSeq_13k_sa_genes_mdv2','FG','NULL'),('N_PH','ExSeq_13k_sa_genes_mdv2','FG','NULL'),('P_FE_INV','ExSeq_13k_sa_genes_mdv2','FG','TRUST'),('SE','ExSeq_13k_sa_genes_mdv2','FG','NULL'),('BETA','ExSeq_13k_sa_genes_mdv2','FI','NULL'),('MAC_PH','ExSeq_13k_sa_genes_mdv2','FI','NULL'),('N_PH','ExSeq_13k_sa_genes_mdv2','FI','NULL'),('P_FE_INV','ExSeq_13k_sa_genes_mdv2','FI','TRUST'),('SE','ExSeq_13k_sa_genes_mdv2','FI','NULL'),('BETA','ExSeq_13k_sa_genes_mdv2','HBA1C','NULL'),('MAC_PH','ExSeq_13k_sa_genes_mdv2','HBA1C','NULL'),('N_PH','ExSeq_13k_sa_genes_mdv2','HBA1C','NULL'),('P_FE_INV','ExSeq_13k_sa_genes_mdv2','HBA1C','TRUST'),('SE','ExSeq_13k_sa_genes_mdv2','HBA1C','NULL'),('BETA','ExSeq_13k_sa_genes_mdv2','HDL','NULL'),('MAC_PH','ExSeq_13k_sa_genes_mdv2','HDL','NULL'),('N_PH','ExSeq_13k_sa_genes_mdv2','HDL','NULL'),('P_FE_INV','ExSeq_13k_sa_genes_mdv2','HDL','TRUST'),('SE','ExSeq_13k_sa_genes_mdv2','HDL','NULL'),('BETA','ExSeq_13k_sa_genes_mdv2','HEIGHT','NULL'),('MAC_PH','ExSeq_13k_sa_genes_mdv2','HEIGHT','NULL'),('N_PH','ExSeq_13k_sa_genes_mdv2','HEIGHT','NULL'),('P_FE_INV','ExSeq_13k_sa_genes_mdv2','HEIGHT','TRUST'),('SE','ExSeq_13k_sa_genes_mdv2','HEIGHT','NULL'),('BETA','ExSeq_13k_sa_genes_mdv2','HIPC','NULL'),('MAC_PH','ExSeq_13k_sa_genes_mdv2','HIPC','NULL'),('N_PH','ExSeq_13k_sa_genes_mdv2','HIPC','NULL'),('P_FE_INV','ExSeq_13k_sa_genes_mdv2','HIPC','TRUST'),('SE','ExSeq_13k_sa_genes_mdv2','HIPC','NULL'),('BETA','ExSeq_13k_sa_genes_mdv2','LDL','NULL'),('MAC_PH','ExSeq_13k_sa_genes_mdv2','LDL','NULL'),('N_PH','ExSeq_13k_sa_genes_mdv2','LDL','NULL'),('P_FE_INV','ExSeq_13k_sa_genes_mdv2','LDL','TRUST'),('SE','ExSeq_13k_sa_genes_mdv2','LDL','NULL'),('BETA','ExSeq_13k_sa_genes_mdv2','SBP','NULL'),('MAC_PH','ExSeq_13k_sa_genes_mdv2','SBP','NULL'),('N_PH','ExSeq_13k_sa_genes_mdv2','SBP','NULL'),('P_FE_INV','ExSeq_13k_sa_genes_mdv2','SBP','TRUST'),('SE','ExSeq_13k_sa_genes_mdv2','SBP','NULL'),('BETA','ExSeq_13k_sa_genes_mdv2','TG','NULL'),('MAC_PH','ExSeq_13k_sa_genes_mdv2','TG','NULL'),('N_PH','ExSeq_13k_sa_genes_mdv2','TG','NULL'),('P_FE_INV','ExSeq_13k_sa_genes_mdv2','TG','TRUST'),('SE','ExSeq_13k_sa_genes_mdv2','TG','NULL'),('BETA','ExSeq_13k_sa_genes_mdv2','WAIST','NULL'),('MAC_PH','ExSeq_13k_sa_genes_mdv2','WAIST','NULL'),('N_PH','ExSeq_13k_sa_genes_mdv2','WAIST','NULL'),('P_FE_INV','ExSeq_13k_sa_genes_mdv2','WAIST','TRUST'),('SE','ExSeq_13k_sa_genes_mdv2','WAIST','NULL'),('BETA','ExSeq_13k_sa_genes_mdv2','WHR','NULL'),('MAC_PH','ExSeq_13k_sa_genes_mdv2','WHR','NULL'),('N_PH','ExSeq_13k_sa_genes_mdv2','WHR','NULL'),('P_FE_INV','ExSeq_13k_sa_genes_mdv2','WHR','TRUST'),('SE','ExSeq_13k_sa_genes_mdv2','WHR','NULL'),('BETA','ExSeq_13k_sa_genes_mdv3','BMI','NULL'),('MAC_PH','ExSeq_13k_sa_genes_mdv3','BMI','NULL'),('N_PH','ExSeq_13k_sa_genes_mdv3','BMI','NULL'),('P_FE_INV','ExSeq_13k_sa_genes_mdv3','BMI','TRUST'),('SE','ExSeq_13k_sa_genes_mdv3','BMI','NULL'),('BETA','ExSeq_13k_sa_genes_mdv3','CHOL','NULL'),('MAC_PH','ExSeq_13k_sa_genes_mdv3','CHOL','NULL'),('N_PH','ExSeq_13k_sa_genes_mdv3','CHOL','NULL'),('P_FE_INV','ExSeq_13k_sa_genes_mdv3','CHOL','TRUST'),('SE','ExSeq_13k_sa_genes_mdv3','CHOL','NULL'),('BETA','ExSeq_13k_sa_genes_mdv3','DBP','NULL'),('MAC_PH','ExSeq_13k_sa_genes_mdv3','DBP','NULL'),('N_PH','ExSeq_13k_sa_genes_mdv3','DBP','NULL'),('P_FE_INV','ExSeq_13k_sa_genes_mdv3','DBP','TRUST'),('SE','ExSeq_13k_sa_genes_mdv3','DBP','NULL'),('BETA','ExSeq_13k_sa_genes_mdv3','FG','NULL'),('MAC_PH','ExSeq_13k_sa_genes_mdv3','FG','NULL'),('N_PH','ExSeq_13k_sa_genes_mdv3','FG','NULL'),('P_FE_INV','ExSeq_13k_sa_genes_mdv3','FG','TRUST'),('SE','ExSeq_13k_sa_genes_mdv3','FG','NULL'),('BETA','ExSeq_13k_sa_genes_mdv3','FI','NULL'),('MAC_PH','ExSeq_13k_sa_genes_mdv3','FI','NULL'),('N_PH','ExSeq_13k_sa_genes_mdv3','FI','NULL'),('P_FE_INV','ExSeq_13k_sa_genes_mdv3','FI','TRUST'),('SE','ExSeq_13k_sa_genes_mdv3','FI','NULL'),('BETA','ExSeq_13k_sa_genes_mdv3','HBA1C','NULL'),('MAC_PH','ExSeq_13k_sa_genes_mdv3','HBA1C','NULL'),('N_PH','ExSeq_13k_sa_genes_mdv3','HBA1C','NULL'),('P_FE_INV','ExSeq_13k_sa_genes_mdv3','HBA1C','TRUST'),('SE','ExSeq_13k_sa_genes_mdv3','HBA1C','NULL'),('BETA','ExSeq_13k_sa_genes_mdv3','HDL','NULL'),('MAC_PH','ExSeq_13k_sa_genes_mdv3','HDL','NULL'),('N_PH','ExSeq_13k_sa_genes_mdv3','HDL','NULL'),('P_FE_INV','ExSeq_13k_sa_genes_mdv3','HDL','TRUST'),('SE','ExSeq_13k_sa_genes_mdv3','HDL','NULL'),('BETA','ExSeq_13k_sa_genes_mdv3','HEIGHT','NULL'),('MAC_PH','ExSeq_13k_sa_genes_mdv3','HEIGHT','NULL'),('N_PH','ExSeq_13k_sa_genes_mdv3','HEIGHT','NULL'),('P_FE_INV','ExSeq_13k_sa_genes_mdv3','HEIGHT','TRUST'),('SE','ExSeq_13k_sa_genes_mdv3','HEIGHT','NULL'),('BETA','ExSeq_13k_sa_genes_mdv3','HIPC','NULL'),('MAC_PH','ExSeq_13k_sa_genes_mdv3','HIPC','NULL'),('N_PH','ExSeq_13k_sa_genes_mdv3','HIPC','NULL'),('P_FE_INV','ExSeq_13k_sa_genes_mdv3','HIPC','TRUST'),('SE','ExSeq_13k_sa_genes_mdv3','HIPC','NULL'),('BETA','ExSeq_13k_sa_genes_mdv3','LDL','NULL'),('MAC_PH','ExSeq_13k_sa_genes_mdv3','LDL','NULL'),('N_PH','ExSeq_13k_sa_genes_mdv3','LDL','NULL'),('P_FE_INV','ExSeq_13k_sa_genes_mdv3','LDL','TRUST'),('SE','ExSeq_13k_sa_genes_mdv3','LDL','NULL'),('BETA','ExSeq_13k_sa_genes_mdv3','SBP','NULL'),('MAC_PH','ExSeq_13k_sa_genes_mdv3','SBP','NULL'),('N_PH','ExSeq_13k_sa_genes_mdv3','SBP','NULL'),('P_FE_INV','ExSeq_13k_sa_genes_mdv3','SBP','TRUST'),('SE','ExSeq_13k_sa_genes_mdv3','SBP','NULL'),('BETA','ExSeq_13k_sa_genes_mdv3','TG','NULL'),('MAC_PH','ExSeq_13k_sa_genes_mdv3','TG','NULL'),('N_PH','ExSeq_13k_sa_genes_mdv3','TG','NULL'),('P_FE_INV','ExSeq_13k_sa_genes_mdv3','TG','TRUST'),('SE','ExSeq_13k_sa_genes_mdv3','TG','NULL'),('BETA','ExSeq_13k_sa_genes_mdv3','WAIST','NULL'),('MAC_PH','ExSeq_13k_sa_genes_mdv3','WAIST','NULL'),('N_PH','ExSeq_13k_sa_genes_mdv3','WAIST','NULL'),('P_FE_INV','ExSeq_13k_sa_genes_mdv3','WAIST','TRUST'),('SE','ExSeq_13k_sa_genes_mdv3','WAIST','NULL'),('BETA','ExSeq_13k_sa_genes_mdv3','WHR','NULL'),('MAC_PH','ExSeq_13k_sa_genes_mdv3','WHR','NULL'),('N_PH','ExSeq_13k_sa_genes_mdv3','WHR','NULL'),('P_FE_INV','ExSeq_13k_sa_genes_mdv3','WHR','TRUST'),('SE','ExSeq_13k_sa_genes_mdv3','WHR','NULL'),('ODDS_RATIO','WGS_GoT2D_mdv1','T2D','NULL'),('P_VALUE','WGS_GoT2D_mdv1','T2D','NULL'),('SE','WGS_GoT2D_mdv1','T2D','NULL'),('TRUST','WGS_GoT2D_mdv1','T2D','NULL'),('ODDS_RATIO','WGS_GoT2D_mdv2','T2D','NULL'),('P_VALUE','WGS_GoT2D_mdv2','T2D','NULL'),('SE','WGS_GoT2D_mdv2','T2D','NULL'),('TRUST','WGS_GoT2D_mdv2','T2D','NULL'),('ODDS_RATIO','WGS_GoT2D_mdv3','T2D','NULL'),('P_VALUE','WGS_GoT2D_mdv3','T2D','NULL'),('SE','WGS_GoT2D_mdv3','T2D','NULL'),('TRUST','WGS_GoT2D_mdv3','T2D','NULL'),('DIR','WGS_GoT2Dimputed_mdv1','T2D','NULL'),('EAC_PH','WGS_GoT2Dimputed_mdv1','T2D','NULL'),('N_PH','WGS_GoT2Dimputed_mdv1','T2D','NULL'),('ODDS_RATIO','WGS_GoT2Dimputed_mdv1','T2D','NULL'),('P_VALUE','WGS_GoT2Dimputed_mdv1','T2D','NULL'),('SE','WGS_GoT2Dimputed_mdv1','T2D','NULL'),('TRUST','WGS_GoT2Dimputed_mdv1','T2D','NULL'),('DIR','WGS_GoT2Dimputed_mdv2','T2D','NULL'),('EAC_PH','WGS_GoT2Dimputed_mdv2','T2D','NULL'),('N_PH','WGS_GoT2Dimputed_mdv2','T2D','NULL'),('ODDS_RATIO','WGS_GoT2Dimputed_mdv2','T2D','NULL'),('P_VALUE','WGS_GoT2Dimputed_mdv2','T2D','NULL'),('SE','WGS_GoT2Dimputed_mdv2','T2D','NULL'),('TRUST','WGS_GoT2Dimputed_mdv2','T2D','NULL'),('DIR','WGS_GoT2Dimputed_mdv3','T2D','NULL'),('EAC_PH','WGS_GoT2Dimputed_mdv3','T2D','NULL'),('N_PH','WGS_GoT2Dimputed_mdv3','T2D','NULL'),('ODDS_RATIO','WGS_GoT2Dimputed_mdv3','T2D','NULL'),('P_VALUE','WGS_GoT2Dimputed_mdv3','T2D','NULL'),('SE','WGS_GoT2Dimputed_mdv3','T2D','NULL'),('TRUST','WGS_GoT2Dimputed_mdv3','T2D','NULL'),('NEFF','ExChip_82k_mdv1','T2D','NULL'),('ODDS_RATIO','ExChip_82k_mdv1','T2D','NULL'),('P_VALUE','ExChip_82k_mdv1','T2D','TRUST'),('SE','ExChip_82k_mdv1','T2D','NULL'),('NEFF','ExChip_82k_mdv2','T2D','NULL'),('ODDS_RATIO','ExChip_82k_mdv2','T2D','NULL'),('P_VALUE','ExChip_82k_mdv2','T2D','TRUST'),('SE','ExChip_82k_mdv2','T2D','NULL'),('HETA','ExChip_SIGMA1_mdv1','T2D','NULL'),('HETU','ExChip_SIGMA1_mdv1','T2D','NULL'),('HOMA','ExChip_SIGMA1_mdv1','T2D','NULL'),('HOMU','ExChip_SIGMA1_mdv1','T2D','NULL'),('MINA','ExChip_SIGMA1_mdv1','T2D','NULL'),('MINU','ExChip_SIGMA1_mdv1','T2D','NULL'),('OBSA','ExChip_SIGMA1_mdv1','T2D','NULL'),('OBSU','ExChip_SIGMA1_mdv1','T2D','NULL'),('ODDS_RATIO','ExChip_SIGMA1_mdv1','T2D','NULL'),('P_MISSING','ExChip_SIGMA1_mdv1','T2D','TRUST'),('P_VALUE','ExChip_SIGMA1_mdv1','T2D','TRUST'),('HETA','ExChip_SIGMA1_mdv2','T2D','NULL'),('HETU','ExChip_SIGMA1_mdv2','T2D','NULL'),('HOMA','ExChip_SIGMA1_mdv2','T2D','NULL'),('HOMU','ExChip_SIGMA1_mdv2','T2D','NULL'),('MINA','ExChip_SIGMA1_mdv2','T2D','NULL'),('MINU','ExChip_SIGMA1_mdv2','T2D','NULL'),('OBSA','ExChip_SIGMA1_mdv2','T2D','NULL'),('OBSU','ExChip_SIGMA1_mdv2','T2D','NULL'),('ODDS_RATIO','ExChip_SIGMA1_mdv2','T2D','NULL'),('P_MISSING','ExChip_SIGMA1_mdv2','T2D','TRUST'),('P_VALUE','ExChip_SIGMA1_mdv2','T2D','TRUST'),('ODDS_RATIO','GWAS_70kForT2D_chrXfemales_mdv4','T2D','NULL'),('P_VALUE','GWAS_70kForT2D_chrXfemales_mdv4','T2D','NULL'),('SE','GWAS_70kForT2D_chrXfemales_mdv4','T2D','NULL'),('ODDS_RATIO','GWAS_70kForT2D_chrXmales_mdv4','T2D','NULL'),('P_VALUE','GWAS_70kForT2D_chrXmales_mdv4','T2D','NULL'),('SE','GWAS_70kForT2D_chrXmales_mdv4','T2D','NULL'),('ODDS_RATIO','GWAS_70kForT2D_mdv4','T2D','NULL'),('P_VALUE','GWAS_70kForT2D_mdv4','T2D','NULL'),('SE','GWAS_70kForT2D_mdv4','T2D','NULL'),('ODDS_RATIO','GWAS_70kForT2D_noDIAGRAM_mdv4','T2D','NULL'),('P_VALUE','GWAS_70kForT2D_noDIAGRAM_mdv4','T2D','NULL'),('SE','GWAS_70kForT2D_noDIAGRAM_mdv4','T2D','NULL'),('DIR','GWAS_CARDIoGRAM_mdv1','CAD','NULL'),('ODDS_RATIO','GWAS_CARDIoGRAM_mdv1','CAD','NULL'),('P_VALUE','GWAS_CARDIoGRAM_mdv1','CAD','NULL'),('DIR','GWAS_CARDIoGRAM_mdv2','CAD','NULL'),('ODDS_RATIO','GWAS_CARDIoGRAM_mdv2','CAD','NULL'),('P_VALUE','GWAS_CARDIoGRAM_mdv2','CAD','NULL'),('SE','GWAS_CARDIoGRAM_mdv2','CAD','NULL'),('DIR','GWAS_CARDIoGRAM_mdv5','CAD','NULL'),('ODDS_RATIO','GWAS_CARDIoGRAM_mdv5','CAD','NULL'),('P_VALUE','GWAS_CARDIoGRAM_mdv5','CAD','NULL'),('SE','GWAS_CARDIoGRAM_mdv5','CAD','NULL'),('DIR','GWAS_CKDGenConsortium_mdv1','CKD','NULL'),('P_VALUE','GWAS_CKDGenConsortium_mdv1','CKD','NULL'),('DIR','GWAS_CKDGenConsortium_mdv1','UACR','NULL'),('P_VALUE','GWAS_CKDGenConsortium_mdv1','UACR','NULL'),('DIR','GWAS_CKDGenConsortium_mdv1','eGFRcrea','NULL'),('P_VALUE','GWAS_CKDGenConsortium_mdv1','eGFRcrea','NULL'),('DIR','GWAS_CKDGenConsortium_mdv1','eGFRcys','NULL'),('P_VALUE','GWAS_CKDGenConsortium_mdv1','eGFRcys','NULL'),('DIR','GWAS_CKDGenConsortium_mdv2','CKD','NULL'),('P_VALUE','GWAS_CKDGenConsortium_mdv2','CKD','NULL'),('DIR','GWAS_CKDGenConsortium_mdv2','UACR','NULL'),('P_VALUE','GWAS_CKDGenConsortium_mdv2','UACR','NULL'),('DIR','GWAS_CKDGenConsortium_mdv2','eGFRcrea','NULL'),('P_VALUE','GWAS_CKDGenConsortium_mdv2','eGFRcrea','NULL'),('DIR','GWAS_CKDGenConsortium_mdv2','eGFRcys','NULL'),('P_VALUE','GWAS_CKDGenConsortium_mdv2','eGFRcys','NULL'),('DIR','GWAS_CKDGenConsortium_mdv5','CKD','NULL'),('P_VALUE','GWAS_CKDGenConsortium_mdv5','CKD','NULL'),('DIR','GWAS_CKDGenConsortium_mdv5','UACR','NULL'),('P_VALUE','GWAS_CKDGenConsortium_mdv5','UACR','NULL'),('DIR','GWAS_CKDGenConsortium_mdv5','eGFRcrea','NULL'),('P_VALUE','GWAS_CKDGenConsortium_mdv5','eGFRcrea','NULL'),('DIR','GWAS_CKDGenConsortium_mdv5','eGFRcys','NULL'),('P_VALUE','GWAS_CKDGenConsortium_mdv5','eGFRcys','NULL'),('DIR','GWAS_DIAGRAM_mdv1','T2D','NULL'),('ODDS_RATIO','GWAS_DIAGRAM_mdv1','T2D','NULL'),('P_VALUE','GWAS_DIAGRAM_mdv1','T2D','NULL'),('DIR','GWAS_DIAGRAM_mdv2','T2D','NULL'),('ODDS_RATIO','GWAS_DIAGRAM_mdv2','T2D','NULL'),('P_VALUE','GWAS_DIAGRAM_mdv2','T2D','NULL'),('DIR','GWAS_DIAGRAM_mdv5','T2D','NULL'),('ODDS_RATIO','GWAS_DIAGRAM_mdv5','T2D','NULL'),('P_VALUE','GWAS_DIAGRAM_mdv5','T2D','NULL'),('BETA','GWAS_GIANT_mdv1','BMI','NULL'),('DIR','GWAS_GIANT_mdv1','BMI','NULL'),('P_VALUE','GWAS_GIANT_mdv1','BMI','NULL'),('DIR','GWAS_GIANT_mdv1','HEIGHT','NULL'),('P_VALUE','GWAS_GIANT_mdv1','HEIGHT','NULL'),('DIR','GWAS_GIANT_mdv1','WHR','NULL'),('P_VALUE','GWAS_GIANT_mdv1','WHR','NULL'),('BETA','GWAS_GIANT_mdv2','BMI','NULL'),('P_VALUE','GWAS_GIANT_mdv2','BMI','NULL'),('SE','GWAS_GIANT_mdv2','BMI','NULL'),('BETA','GWAS_GIANT_mdv2','HEIGHT','NULL'),('P_VALUE','GWAS_GIANT_mdv2','HEIGHT','NULL'),('SE','GWAS_GIANT_mdv2','HEIGHT','NULL'),('DIR','GWAS_GIANT_mdv2','WHR','NULL'),('P_VALUE','GWAS_GIANT_mdv2','WHR','NULL'),('BETA','GWAS_GIANT_mdv5','BMI','NULL'),('P_VALUE','GWAS_GIANT_mdv5','BMI','NULL'),('SE','GWAS_GIANT_mdv5','BMI','NULL'),('BETA','GWAS_GIANT_mdv5','HEIGHT','NULL'),('P_VALUE','GWAS_GIANT_mdv5','HEIGHT','NULL'),('SE','GWAS_GIANT_mdv5','HEIGHT','NULL'),('DIR','GWAS_GIANT_mdv5','WHR','NULL'),('P_VALUE','GWAS_GIANT_mdv5','WHR','NULL'),('DIR','GWAS_GLGC_mdv1','CHOL','NULL'),('P_VALUE','GWAS_GLGC_mdv1','CHOL','NULL'),('DIR','GWAS_GLGC_mdv1','HDL','NULL'),('P_VALUE','GWAS_GLGC_mdv1','HDL','NULL'),('DIR','GWAS_GLGC_mdv1','LDL','NULL'),('P_VALUE','GWAS_GLGC_mdv1','LDL','NULL'),('DIR','GWAS_GLGC_mdv1','TG','NULL'),('P_VALUE','GWAS_GLGC_mdv1','TG','NULL'),('DIR','GWAS_GLGC_mdv2','CHOL','NULL'),('P_VALUE','GWAS_GLGC_mdv2','CHOL','NULL'),('DIR','GWAS_GLGC_mdv2','HDL','NULL'),('P_VALUE','GWAS_GLGC_mdv2','HDL','NULL'),('DIR','GWAS_GLGC_mdv2','LDL','NULL'),('P_VALUE','GWAS_GLGC_mdv2','LDL','NULL'),('DIR','GWAS_GLGC_mdv2','TG','NULL'),('P_VALUE','GWAS_GLGC_mdv2','TG','NULL'),('DIR','GWAS_GLGC_mdv5','CHOL','NULL'),('P_VALUE','GWAS_GLGC_mdv5','CHOL','NULL'),('DIR','GWAS_GLGC_mdv5','HDL','NULL'),('P_VALUE','GWAS_GLGC_mdv5','HDL','NULL'),('DIR','GWAS_GLGC_mdv5','LDL','NULL'),('P_VALUE','GWAS_GLGC_mdv5','LDL','NULL'),('DIR','GWAS_GLGC_mdv5','TG','NULL'),('P_VALUE','GWAS_GLGC_mdv5','TG','NULL'),('BETA','GWAS_MAGIC_mdv1','2hrG','NULL'),('DIR','GWAS_MAGIC_mdv1','2hrG','NULL'),('P_VALUE','GWAS_MAGIC_mdv1','2hrG','NULL'),('BETA','GWAS_MAGIC_mdv1','2hrI','NULL'),('DIR','GWAS_MAGIC_mdv1','2hrI','NULL'),('P_VALUE','GWAS_MAGIC_mdv1','2hrI','NULL'),('BETA','GWAS_MAGIC_mdv1','FG','NULL'),('P_VALUE','GWAS_MAGIC_mdv1','FG','NULL'),('SE','GWAS_MAGIC_mdv1','FG','NULL'),('BETA','GWAS_MAGIC_mdv1','FI','NULL'),('DIR','GWAS_MAGIC_mdv1','FI','NULL'),('P_VALUE','GWAS_MAGIC_mdv1','FI','NULL'),('BETA','GWAS_MAGIC_mdv1','HBA1C','NULL'),('DIR','GWAS_MAGIC_mdv1','HBA1C','NULL'),('P_VALUE','GWAS_MAGIC_mdv1','HBA1C','NULL'),('BETA','GWAS_MAGIC_mdv1','HOMAB','NULL'),('DIR','GWAS_MAGIC_mdv1','HOMAB','NULL'),('P_VALUE','GWAS_MAGIC_mdv1','HOMAB','NULL'),('BETA','GWAS_MAGIC_mdv1','HOMAIR','NULL'),('DIR','GWAS_MAGIC_mdv1','HOMAIR','NULL'),('P_VALUE','GWAS_MAGIC_mdv1','HOMAIR','NULL'),('DIR','GWAS_MAGIC_mdv1','MA','NULL'),('P_VALUE','GWAS_MAGIC_mdv1','MA','NULL'),('BETA','GWAS_MAGIC_mdv1','PI','NULL'),('DIR','GWAS_MAGIC_mdv1','PI','NULL'),('P_VALUE','GWAS_MAGIC_mdv1','PI','NULL'),('BETA','GWAS_MAGIC_mdv2','2hrG','NULL'),('DIR','GWAS_MAGIC_mdv2','2hrG','NULL'),('P_VALUE','GWAS_MAGIC_mdv2','2hrG','NULL'),('BETA','GWAS_MAGIC_mdv2','2hrI','NULL'),('DIR','GWAS_MAGIC_mdv2','2hrI','NULL'),('P_VALUE','GWAS_MAGIC_mdv2','2hrI','NULL'),('BETA','GWAS_MAGIC_mdv2','FG','NULL'),('P_VALUE','GWAS_MAGIC_mdv2','FG','NULL'),('SE','GWAS_MAGIC_mdv2','FG','NULL'),('BETA','GWAS_MAGIC_mdv2','FI','NULL'),('DIR','GWAS_MAGIC_mdv2','FI','NULL'),('P_VALUE','GWAS_MAGIC_mdv2','FI','NULL'),('BETA','GWAS_MAGIC_mdv2','HBA1C','NULL'),('DIR','GWAS_MAGIC_mdv2','HBA1C','NULL'),('P_VALUE','GWAS_MAGIC_mdv2','HBA1C','NULL'),('BETA','GWAS_MAGIC_mdv2','HOMAB','NULL'),('DIR','GWAS_MAGIC_mdv2','HOMAB','NULL'),('P_VALUE','GWAS_MAGIC_mdv2','HOMAB','NULL'),('BETA','GWAS_MAGIC_mdv2','HOMAIR','NULL'),('DIR','GWAS_MAGIC_mdv2','HOMAIR','NULL'),('P_VALUE','GWAS_MAGIC_mdv2','HOMAIR','NULL'),('DIR','GWAS_MAGIC_mdv2','MA','NULL'),('P_VALUE','GWAS_MAGIC_mdv2','MA','NULL'),('BETA','GWAS_MAGIC_mdv2','PI','NULL'),('DIR','GWAS_MAGIC_mdv2','PI','NULL'),('P_VALUE','GWAS_MAGIC_mdv2','PI','NULL'),('BETA','GWAS_MAGIC_mdv5','2hrG','NULL'),('DIR','GWAS_MAGIC_mdv5','2hrG','NULL'),('P_VALUE','GWAS_MAGIC_mdv5','2hrG','NULL'),('BETA','GWAS_MAGIC_mdv5','2hrI','NULL'),('DIR','GWAS_MAGIC_mdv5','2hrI','NULL'),('P_VALUE','GWAS_MAGIC_mdv5','2hrI','NULL'),('BETA','GWAS_MAGIC_mdv5','FG','NULL'),('P_VALUE','GWAS_MAGIC_mdv5','FG','NULL'),('SE','GWAS_MAGIC_mdv5','FG','NULL'),('BETA','GWAS_MAGIC_mdv5','FI','NULL'),('DIR','GWAS_MAGIC_mdv5','FI','NULL'),('P_VALUE','GWAS_MAGIC_mdv5','FI','NULL'),('BETA','GWAS_MAGIC_mdv5','HBA1C','NULL'),('DIR','GWAS_MAGIC_mdv5','HBA1C','NULL'),('P_VALUE','GWAS_MAGIC_mdv5','HBA1C','NULL'),('BETA','GWAS_MAGIC_mdv5','HOMAB','NULL'),('DIR','GWAS_MAGIC_mdv5','HOMAB','NULL'),('P_VALUE','GWAS_MAGIC_mdv5','HOMAB','NULL'),('BETA','GWAS_MAGIC_mdv5','HOMAIR','NULL'),('DIR','GWAS_MAGIC_mdv5','HOMAIR','NULL'),('P_VALUE','GWAS_MAGIC_mdv5','HOMAIR','NULL'),('DIR','GWAS_MAGIC_mdv5','MA','NULL'),('P_VALUE','GWAS_MAGIC_mdv5','MA','NULL'),('BETA','GWAS_MAGIC_mdv5','PI','NULL'),('DIR','GWAS_MAGIC_mdv5','PI','NULL'),('P_VALUE','GWAS_MAGIC_mdv5','PI','NULL'),('DIR','GWAS_MetaStroke_mdv5','Stroke_CE','NULL'),('ODDS_RATIO','GWAS_MetaStroke_mdv5','Stroke_CE','NULL'),('P_VALUE','GWAS_MetaStroke_mdv5','Stroke_CE','NULL'),('SE','GWAS_MetaStroke_mdv5','Stroke_CE','NULL'),('TRUST','GWAS_MetaStroke_mdv5','Stroke_CE','NULL'),('DIR','GWAS_MetaStroke_mdv5','Stroke_IS','NULL'),('ODDS_RATIO','GWAS_MetaStroke_mdv5','Stroke_IS','NULL'),('P_VALUE','GWAS_MetaStroke_mdv5','Stroke_IS','NULL'),('SE','GWAS_MetaStroke_mdv5','Stroke_IS','NULL'),('TRUST','GWAS_MetaStroke_mdv5','Stroke_IS','NULL'),('DIR','GWAS_MetaStroke_mdv5','Stroke_LVD','NULL'),('ODDS_RATIO','GWAS_MetaStroke_mdv5','Stroke_LVD','NULL'),('P_VALUE','GWAS_MetaStroke_mdv5','Stroke_LVD','NULL'),('SE','GWAS_MetaStroke_mdv5','Stroke_LVD','NULL'),('TRUST','GWAS_MetaStroke_mdv5','Stroke_LVD','NULL'),('DIR','GWAS_MetaStroke_mdv5','Stroke_SVD','NULL'),('ODDS_RATIO','GWAS_MetaStroke_mdv5','Stroke_SVD','NULL'),('P_VALUE','GWAS_MetaStroke_mdv5','Stroke_SVD','NULL'),('SE','GWAS_MetaStroke_mdv5','Stroke_SVD','NULL'),('TRUST','GWAS_MetaStroke_mdv5','Stroke_SVD','NULL'),('DIR','GWAS_PGC_mdv1','BIP','NULL'),('ODDS_RATIO','GWAS_PGC_mdv1','BIP','NULL'),('P_VALUE','GWAS_PGC_mdv1','BIP','NULL'),('DIR','GWAS_PGC_mdv1','MDD','NULL'),('ODDS_RATIO','GWAS_PGC_mdv1','MDD','NULL'),('P_VALUE','GWAS_PGC_mdv1','MDD','NULL'),('DIR','GWAS_PGC_mdv1','SCZ','NULL'),('ODDS_RATIO','GWAS_PGC_mdv1','SCZ','NULL'),('P_VALUE','GWAS_PGC_mdv1','SCZ','NULL'),('DIR','GWAS_PGC_mdv2','BIP','NULL'),('ODDS_RATIO','GWAS_PGC_mdv2','BIP','NULL'),('P_VALUE','GWAS_PGC_mdv2','BIP','NULL'),('DIR','GWAS_PGC_mdv2','MDD','NULL'),('ODDS_RATIO','GWAS_PGC_mdv2','MDD','NULL'),('P_VALUE','GWAS_PGC_mdv2','MDD','NULL'),('DIR','GWAS_PGC_mdv2','SCZ','NULL'),('ODDS_RATIO','GWAS_PGC_mdv2','SCZ','NULL'),('P_VALUE','GWAS_PGC_mdv2','SCZ','NULL'),('DIR','GWAS_PGC_mdv5','BIP','NULL'),('ODDS_RATIO','GWAS_PGC_mdv5','BIP','NULL'),('P_VALUE','GWAS_PGC_mdv5','BIP','NULL'),('DIR','GWAS_PGC_mdv5','MDD','NULL'),('ODDS_RATIO','GWAS_PGC_mdv5','MDD','NULL'),('P_VALUE','GWAS_PGC_mdv5','MDD','NULL'),('DIR','GWAS_PGC_mdv5','SCZ','NULL'),('ODDS_RATIO','GWAS_PGC_mdv5','SCZ','NULL'),('P_VALUE','GWAS_PGC_mdv5','SCZ','NULL'),('ODDS_RATIO','GWAS_SIGMA1_mdv1','T2D','NULL'),('P_VALUE','GWAS_SIGMA1_mdv1','T2D','NULL'),('SE','GWAS_SIGMA1_mdv1','T2D','NULL'),('ODDS_RATIO','GWAS_SIGMA1_mdv2','T2D','NULL'),('P_VALUE','GWAS_SIGMA1_mdv2','T2D','NULL'),('SE','GWAS_SIGMA1_mdv2','T2D','NULL'),('ODDS_RATIO','GWAS_Stroke_europe_mdv5','Stroke_all','NULL'),('P_VALUE','GWAS_Stroke_europe_mdv5','Stroke_all','NULL'),('SE','GWAS_Stroke_europe_mdv5','Stroke_all','NULL'),('TRUST','GWAS_Stroke_europe_mdv5','Stroke_all','NULL'),('ODDS_RATIO','GWAS_Stroke_europe_mdv5','Stroke_deep','NULL'),('P_VALUE','GWAS_Stroke_europe_mdv5','Stroke_deep','NULL'),('SE','GWAS_Stroke_europe_mdv5','Stroke_deep','NULL'),('TRUST','GWAS_Stroke_europe_mdv5','Stroke_deep','NULL'),('ODDS_RATIO','GWAS_Stroke_europe_mdv5','Stroke_lobar','NULL'),('P_VALUE','GWAS_Stroke_europe_mdv5','Stroke_lobar','NULL'),('SE','GWAS_Stroke_europe_mdv5','Stroke_lobar','NULL'),('TRUST','GWAS_Stroke_europe_mdv5','Stroke_lobar','NULL'),('ODDS_RATIO','GWAS_Stroke_gerfhs_mdv5','Stroke_all','NULL'),('P_VALUE','GWAS_Stroke_gerfhs_mdv5','Stroke_all','NULL'),('SE','GWAS_Stroke_gerfhs_mdv5','Stroke_all','NULL'),('TRUST','GWAS_Stroke_gerfhs_mdv5','Stroke_all','NULL'),('ODDS_RATIO','GWAS_Stroke_gerfhs_mdv5','Stroke_deep','NULL'),('P_VALUE','GWAS_Stroke_gerfhs_mdv5','Stroke_deep','NULL'),('SE','GWAS_Stroke_gerfhs_mdv5','Stroke_deep','NULL'),('TRUST','GWAS_Stroke_gerfhs_mdv5','Stroke_deep','NULL'),('ODDS_RATIO','GWAS_Stroke_gerfhs_mdv5','Stroke_lobar','NULL'),('P_VALUE','GWAS_Stroke_gerfhs_mdv5','Stroke_lobar','NULL'),('SE','GWAS_Stroke_gerfhs_mdv5','Stroke_lobar','NULL'),('TRUST','GWAS_Stroke_gerfhs_mdv5','Stroke_lobar','NULL'),('ODDS_RATIO','GWAS_Stroke_gocha_mdv5','Stroke_all','NULL'),('P_VALUE','GWAS_Stroke_gocha_mdv5','Stroke_all','NULL'),('SE','GWAS_Stroke_gocha_mdv5','Stroke_all','NULL'),('TRUST','GWAS_Stroke_gocha_mdv5','Stroke_all','NULL'),('ODDS_RATIO','GWAS_Stroke_gocha_mdv5','Stroke_deep','NULL'),('P_VALUE','GWAS_Stroke_gocha_mdv5','Stroke_deep','NULL'),('SE','GWAS_Stroke_gocha_mdv5','Stroke_deep','NULL'),('TRUST','GWAS_Stroke_gocha_mdv5','Stroke_deep','NULL'),('ODDS_RATIO','GWAS_Stroke_gocha_mdv5','Stroke_lobar','NULL'),('P_VALUE','GWAS_Stroke_gocha_mdv5','Stroke_lobar','NULL'),('SE','GWAS_Stroke_gocha_mdv5','Stroke_lobar','NULL'),('TRUST','GWAS_Stroke_gocha_mdv5','Stroke_lobar','NULL'),('DIR','GWAS_Stroke_mdv5','Stroke_all','NULL'),('ODDS_RATIO','GWAS_Stroke_mdv5','Stroke_all','NULL'),('P_VALUE','GWAS_Stroke_mdv5','Stroke_all','NULL'),('DIR','GWAS_Stroke_mdv5','Stroke_deep','NULL'),('ODDS_RATIO','GWAS_Stroke_mdv5','Stroke_deep','NULL'),('P_VALUE','GWAS_Stroke_mdv5','Stroke_deep','NULL'),('DIR','GWAS_Stroke_mdv5','Stroke_lobar','NULL'),('ODDS_RATIO','GWAS_Stroke_mdv5','Stroke_lobar','NULL'),('P_VALUE','GWAS_Stroke_mdv5','Stroke_lobar','NULL');
/*!40000 ALTER TABLE `PROP_ID_PH` ENABLE KEYS */;
UNLOCK TABLES;
/*!40103 SET TIME_ZONE=@OLD_TIME_ZONE */;

/*!40101 SET SQL_MODE=@OLD_SQL_MODE */;
/*!40014 SET FOREIGN_KEY_CHECKS=@OLD_FOREIGN_KEY_CHECKS */;
/*!40014 SET UNIQUE_CHECKS=@OLD_UNIQUE_CHECKS */;
/*!40101 SET CHARACTER_SET_CLIENT=@OLD_CHARACTER_SET_CLIENT */;
/*!40101 SET CHARACTER_SET_RESULTS=@OLD_CHARACTER_SET_RESULTS */;
/*!40101 SET COLLATION_CONNECTION=@OLD_COLLATION_CONNECTION */;
/*!40111 SET SQL_NOTES=@OLD_SQL_NOTES */;

-- Dump completed on 2016-10-07 13:38:52
